<virtualizer>
  <id>BisBis</id>
  <name>BisBis-View</name>
  <nodes>
    <node>
      <id>0</id>
      <name>0</name>
      <type>0</type>
      <ports>
        <port>
          <id>1</id>
          <name>1</name>
          <port_type>port-abstract</port_type>
        </port>
        <port>
          <id>10</id>
          <name>10</name>
          <port_type>port-abstract</port_type>
        </port>
        <port>
          <id>2</id>
          <name>2</name>
          <port_type>port-abstract</port_type>
        </port>
        <port>
          <id>3</id>
          <name>3</name>
          <port_type>port-abstract</port_type>
        </port>
        <port>
          <id>4</id>
          <name>4</name>
          <port_type>port-abstract</port_type>
        </port>
        <port>
          <id>5</id>
          <name>5</name>
          <port_type>port-abstract</port_type>
        </port>
        <port>
          <id>6</id>
          <name>6</name>
          <port_type>port-abstract</port_type>
        </port>
        <port>
          <id>7</id>
          <name>7</name>
          <port_type>port-abstract</port_type>
        </port>
        <port>
          <id>8</id>
          <name>8</name>
          <port_type>port-abstract</port_type>
        </port>
        <port>
          <id>9</id>
          <name>9</name>
          <port_type>port-abstract</port_type>
        </port>
        <port>
          <id>SAP0</id>
          <name>SAP0</name>
          <port_type>port-sap</port_type>
        </port>
      </ports>
      <resources>
        <cpu>9</cpu>
        <mem>35</mem>
        <storage>155</storage>
      </resources>
      <capabilities>
        <supported_NFs>
          <node>
            <id>A</id>
            <type>A</type>
          </node>
        </supported_NFs>
      </capabilities>
    </node>
    <node>
      <id>1</id>
      <name>1</name>
      <type>1</type>
      <ports>
        <port>
          <id>1</id>
          <name>1</name>
          <port_type>port-abstract</port_type>
        </port>
        <port>
          <id>2</id>
          <name>2</name>
          <port_type>port-abstract</port_type>
        </port>
        <port>
          <id>3</id>
          <name>3</name>
          <port_type>port-abstract</port_type>
        </port>
        <port>
          <id>4</id>
          <name>4</name>
          <port_type>port-abstract</port_type>
        </port>
        <port>
          <id>5</id>
          <name>5</name>
          <port_type>port-abstract</port_type>
        </port>
        <port>
          <id>6</id>
          <name>6</name>
          <port_type>port-abstract</port_type>
        </port>
        <port>
          <id>SAP1</id>
          <name>SAP1</name>
          <port_type>port-sap</port_type>
        </port>
      </ports>
      <resources>
        <cpu>8</cpu>
        <mem>62</mem>
        <storage>315</storage>
      </resources>
      <capabilities>
        <supported_NFs>
          <node>
            <id>A</id>
            <type>A</type>
          </node>
        </supported_NFs>
      </capabilities>
    </node>
    <node>
      <id>10</id>
      <name>10</name>
      <type>10</type>
      <ports>
        <port>
          <id>1</id>
          <name>1</name>
          <port_type>port-abstract</port_type>
        </port>
        <port>
          <id>2</id>
          <name>2</name>
          <port_type>port-abstract</port_type>
        </port>
        <port>
          <id>3</id>
          <name>3</name>
          <port_type>port-abstract</port_type>
        </port>
        <port>
          <id>4</id>
          <name>4</name>
          <port_type>port-abstract</port_type>
        </port>
        <port>
          <id>5</id>
          <name>5</name>
          <port_type>port-abstract</port_type>
        </port>
        <port>
          <id>6</id>
          <name>6</name>
          <port_type>port-abstract</port_type>
        </port>
        <port>
          <id>7</id>
          <name>7</name>
          <port_type>port-abstract</port_type>
        </port>
        <port>
          <id>8</id>
          <name>8</name>
          <port_type>port-abstract</port_type>
        </port>
        <port>
          <id>9</id>
          <name>9</name>
          <port_type>port-abstract</port_type>
        </port>
        <port>
          <id>SAP10</id>
          <name>SAP10</name>
          <port_type>port-sap</port_type>
        </port>
      </ports>
      <resources>
        <cpu>2</cpu>
        <mem>18</mem>
        <storage>85</storage>
      </resources>
      <capabilities>
        <supported_NFs>
          <node>
            <id>A</id>
            <type>A</type>
          </node>
        </supported_NFs>
      </capabilities>
    </node>
    <node>
      <id>11</id>
      <name>11</name>
      <type>11</type>
      <ports>
        <port>
          <id>1</id>
          <name>1</name>
          <port_type>port-abstract</port_type>
        </port>
        <port>
          <id>2</id>
          <name>2</name>
          <port_type>port-abstract</port_type>
        </port>
        <port>
          <id>3</id>
          <name>3</name>
          <port_type>port-abstract</port_type>
        </port>
        <port>
          <id>4</id>
          <name>4</name>
          <port_type>port-abstract</port_type>
        </port>
        <port>
          <id>5</id>
          <name>5</name>
          <port_type>port-abstract</port_type>
        </port>
        <port>
          <id>6</id>
          <name>6</name>
          <port_type>port-abstract</port_type>
        </port>
        <port>
          <id>7</id>
          <name>7</name>
          <port_type>port-abstract</port_type>
        </port>
        <port>
          <id>8</id>
          <name>8</name>
          <port_type>port-abstract</port_type>
        </port>
        <port>
          <id>SAP11</id>
          <name>SAP11</name>
          <port_type>port-sap</port_type>
        </port>
      </ports>
      <resources>
        <cpu>3</cpu>
        <mem>52</mem>
        <storage>834</storage>
      </resources>
      <capabilities>
        <supported_NFs>
          <node>
            <id>A</id>
            <type>A</type>
          </node>
        </supported_NFs>
      </capabilities>
    </node>
    <node>
      <id>12</id>
      <name>12</name>
      <type>12</type>
      <ports>
        <port>
          <id>1</id>
          <name>1</name>
          <port_type>port-abstract</port_type>
        </port>
        <port>
          <id>2</id>
          <name>2</name>
          <port_type>port-abstract</port_type>
        </port>
        <port>
          <id>3</id>
          <name>3</name>
          <port_type>port-abstract</port_type>
        </port>
        <port>
          <id>4</id>
          <name>4</name>
          <port_type>port-abstract</port_type>
        </port>
        <port>
          <id>5</id>
          <name>5</name>
          <port_type>port-abstract</port_type>
        </port>
        <port>
          <id>6</id>
          <name>6</name>
          <port_type>port-abstract</port_type>
        </port>
        <port>
          <id>7</id>
          <name>7</name>
          <port_type>port-abstract</port_type>
        </port>
        <port>
          <id>SAP12</id>
          <name>SAP12</name>
          <port_type>port-sap</port_type>
        </port>
      </ports>
      <resources>
        <cpu>3</cpu>
        <mem>27</mem>
        <storage>719</storage>
      </resources>
      <capabilities>
        <supported_NFs>
          <node>
            <id>A</id>
            <type>A</type>
          </node>
        </supported_NFs>
      </capabilities>
    </node>
    <node>
      <id>13</id>
      <name>13</name>
      <type>13</type>
      <ports>
        <port>
          <id>1</id>
          <name>1</name>
          <port_type>port-abstract</port_type>
        </port>
        <port>
          <id>10</id>
          <name>10</name>
          <port_type>port-abstract</port_type>
        </port>
        <port>
          <id>2</id>
          <name>2</name>
          <port_type>port-abstract</port_type>
        </port>
        <port>
          <id>3</id>
          <name>3</name>
          <port_type>port-abstract</port_type>
        </port>
        <port>
          <id>4</id>
          <name>4</name>
          <port_type>port-abstract</port_type>
        </port>
        <port>
          <id>5</id>
          <name>5</name>
          <port_type>port-abstract</port_type>
        </port>
        <port>
          <id>6</id>
          <name>6</name>
          <port_type>port-abstract</port_type>
        </port>
        <port>
          <id>7</id>
          <name>7</name>
          <port_type>port-abstract</port_type>
        </port>
        <port>
          <id>8</id>
          <name>8</name>
          <port_type>port-abstract</port_type>
        </port>
        <port>
          <id>9</id>
          <name>9</name>
          <port_type>port-abstract</port_type>
        </port>
        <port>
          <id>SAP13</id>
          <name>SAP13</name>
          <port_type>port-sap</port_type>
        </port>
      </ports>
      <resources>
        <cpu>5</cpu>
        <mem>31</mem>
        <storage>753</storage>
      </resources>
      <capabilities>
        <supported_NFs>
          <node>
            <id>A</id>
            <type>A</type>
          </node>
        </supported_NFs>
      </capabilities>
    </node>
    <node>
      <id>14</id>
      <name>14</name>
      <type>14</type>
      <ports>
        <port>
          <id>1</id>
          <name>1</name>
          <port_type>port-abstract</port_type>
        </port>
        <port>
          <id>10</id>
          <name>10</name>
          <port_type>port-abstract</port_type>
        </port>
        <port>
          <id>2</id>
          <name>2</name>
          <port_type>port-abstract</port_type>
        </port>
        <port>
          <id>3</id>
          <name>3</name>
          <port_type>port-abstract</port_type>
        </port>
        <port>
          <id>4</id>
          <name>4</name>
          <port_type>port-abstract</port_type>
        </port>
        <port>
          <id>5</id>
          <name>5</name>
          <port_type>port-abstract</port_type>
        </port>
        <port>
          <id>6</id>
          <name>6</name>
          <port_type>port-abstract</port_type>
        </port>
        <port>
          <id>7</id>
          <name>7</name>
          <port_type>port-abstract</port_type>
        </port>
        <port>
          <id>8</id>
          <name>8</name>
          <port_type>port-abstract</port_type>
        </port>
        <port>
          <id>9</id>
          <name>9</name>
          <port_type>port-abstract</port_type>
        </port>
        <port>
          <id>SAP14</id>
          <name>SAP14</name>
          <port_type>port-sap</port_type>
        </port>
      </ports>
      <resources>
        <cpu>15</cpu>
        <mem>57</mem>
        <storage>148</storage>
      </resources>
      <capabilities>
        <supported_NFs>
          <node>
            <id>A</id>
            <type>A</type>
          </node>
        </supported_NFs>
      </capabilities>
    </node>
    <node>
      <id>15</id>
      <name>15</name>
      <type>15</type>
      <ports>
        <port>
          <id>1</id>
          <name>1</name>
          <port_type>port-abstract</port_type>
        </port>
        <port>
          <id>10</id>
          <name>10</name>
          <port_type>port-abstract</port_type>
        </port>
        <port>
          <id>11</id>
          <name>11</name>
          <port_type>port-abstract</port_type>
        </port>
        <port>
          <id>2</id>
          <name>2</name>
          <port_type>port-abstract</port_type>
        </port>
        <port>
          <id>3</id>
          <name>3</name>
          <port_type>port-abstract</port_type>
        </port>
        <port>
          <id>4</id>
          <name>4</name>
          <port_type>port-abstract</port_type>
        </port>
        <port>
          <id>5</id>
          <name>5</name>
          <port_type>port-abstract</port_type>
        </port>
        <port>
          <id>6</id>
          <name>6</name>
          <port_type>port-abstract</port_type>
        </port>
        <port>
          <id>7</id>
          <name>7</name>
          <port_type>port-abstract</port_type>
        </port>
        <port>
          <id>8</id>
          <name>8</name>
          <port_type>port-abstract</port_type>
        </port>
        <port>
          <id>9</id>
          <name>9</name>
          <port_type>port-abstract</port_type>
        </port>
        <port>
          <id>SAP15</id>
          <name>SAP15</name>
          <port_type>port-sap</port_type>
        </port>
      </ports>
      <resources>
        <cpu>11</cpu>
        <mem>49</mem>
        <storage>273</storage>
      </resources>
      <capabilities>
        <supported_NFs>
          <node>
            <id>A</id>
            <type>A</type>
          </node>
        </supported_NFs>
      </capabilities>
    </node>
    <node>
      <id>16</id>
      <name>16</name>
      <type>16</type>
      <ports>
        <port>
          <id>1</id>
          <name>1</name>
          <port_type>port-abstract</port_type>
        </port>
        <port>
          <id>10</id>
          <name>10</name>
          <port_type>port-abstract</port_type>
        </port>
        <port>
          <id>11</id>
          <name>11</name>
          <port_type>port-abstract</port_type>
        </port>
        <port>
          <id>12</id>
          <name>12</name>
          <port_type>port-abstract</port_type>
        </port>
        <port>
          <id>2</id>
          <name>2</name>
          <port_type>port-abstract</port_type>
        </port>
        <port>
          <id>3</id>
          <name>3</name>
          <port_type>port-abstract</port_type>
        </port>
        <port>
          <id>4</id>
          <name>4</name>
          <port_type>port-abstract</port_type>
        </port>
        <port>
          <id>5</id>
          <name>5</name>
          <port_type>port-abstract</port_type>
        </port>
        <port>
          <id>6</id>
          <name>6</name>
          <port_type>port-abstract</port_type>
        </port>
        <port>
          <id>7</id>
          <name>7</name>
          <port_type>port-abstract</port_type>
        </port>
        <port>
          <id>8</id>
          <name>8</name>
          <port_type>port-abstract</port_type>
        </port>
        <port>
          <id>9</id>
          <name>9</name>
          <port_type>port-abstract</port_type>
        </port>
        <port>
          <id>SAP16</id>
          <name>SAP16</name>
          <port_type>port-sap</port_type>
        </port>
      </ports>
      <resources>
        <cpu>2</cpu>
        <mem>23</mem>
        <storage>904</storage>
      </resources>
      <capabilities>
        <supported_NFs>
          <node>
            <id>A</id>
            <type>A</type>
          </node>
        </supported_NFs>
      </capabilities>
    </node>
    <node>
      <id>17</id>
      <name>17</name>
      <type>17</type>
      <ports>
        <port>
          <id>1</id>
          <name>1</name>
          <port_type>port-abstract</port_type>
        </port>
        <port>
          <id>10</id>
          <name>10</name>
          <port_type>port-abstract</port_type>
        </port>
        <port>
          <id>2</id>
          <name>2</name>
          <port_type>port-abstract</port_type>
        </port>
        <port>
          <id>3</id>
          <name>3</name>
          <port_type>port-abstract</port_type>
        </port>
        <port>
          <id>4</id>
          <name>4</name>
          <port_type>port-abstract</port_type>
        </port>
        <port>
          <id>5</id>
          <name>5</name>
          <port_type>port-abstract</port_type>
        </port>
        <port>
          <id>6</id>
          <name>6</name>
          <port_type>port-abstract</port_type>
        </port>
        <port>
          <id>7</id>
          <name>7</name>
          <port_type>port-abstract</port_type>
        </port>
        <port>
          <id>8</id>
          <name>8</name>
          <port_type>port-abstract</port_type>
        </port>
        <port>
          <id>9</id>
          <name>9</name>
          <port_type>port-abstract</port_type>
        </port>
        <port>
          <id>SAP17</id>
          <name>SAP17</name>
          <port_type>port-sap</port_type>
        </port>
      </ports>
      <resources>
        <cpu>2</cpu>
        <mem>21</mem>
        <storage>893</storage>
      </resources>
      <capabilities>
        <supported_NFs>
          <node>
            <id>A</id>
            <type>A</type>
          </node>
        </supported_NFs>
      </capabilities>
    </node>
    <node>
      <id>18</id>
      <name>18</name>
      <type>18</type>
      <ports>
        <port>
          <id>1</id>
          <name>1</name>
          <port_type>port-abstract</port_type>
        </port>
        <port>
          <id>2</id>
          <name>2</name>
          <port_type>port-abstract</port_type>
        </port>
        <port>
          <id>3</id>
          <name>3</name>
          <port_type>port-abstract</port_type>
        </port>
        <port>
          <id>4</id>
          <name>4</name>
          <port_type>port-abstract</port_type>
        </port>
        <port>
          <id>5</id>
          <name>5</name>
          <port_type>port-abstract</port_type>
        </port>
        <port>
          <id>6</id>
          <name>6</name>
          <port_type>port-abstract</port_type>
        </port>
        <port>
          <id>7</id>
          <name>7</name>
          <port_type>port-abstract</port_type>
        </port>
        <port>
          <id>8</id>
          <name>8</name>
          <port_type>port-abstract</port_type>
        </port>
        <port>
          <id>SAP18</id>
          <name>SAP18</name>
          <port_type>port-sap</port_type>
        </port>
      </ports>
      <resources>
        <cpu>15</cpu>
        <mem>44</mem>
        <storage>229</storage>
      </resources>
      <capabilities>
        <supported_NFs>
          <node>
            <id>A</id>
            <type>A</type>
          </node>
        </supported_NFs>
      </capabilities>
    </node>
    <node>
      <id>19</id>
      <name>19</name>
      <type>19</type>
      <ports>
        <port>
          <id>1</id>
          <name>1</name>
          <port_type>port-abstract</port_type>
        </port>
        <port>
          <id>10</id>
          <name>10</name>
          <port_type>port-abstract</port_type>
        </port>
        <port>
          <id>2</id>
          <name>2</name>
          <port_type>port-abstract</port_type>
        </port>
        <port>
          <id>3</id>
          <name>3</name>
          <port_type>port-abstract</port_type>
        </port>
        <port>
          <id>4</id>
          <name>4</name>
          <port_type>port-abstract</port_type>
        </port>
        <port>
          <id>5</id>
          <name>5</name>
          <port_type>port-abstract</port_type>
        </port>
        <port>
          <id>6</id>
          <name>6</name>
          <port_type>port-abstract</port_type>
        </port>
        <port>
          <id>7</id>
          <name>7</name>
          <port_type>port-abstract</port_type>
        </port>
        <port>
          <id>8</id>
          <name>8</name>
          <port_type>port-abstract</port_type>
        </port>
        <port>
          <id>9</id>
          <name>9</name>
          <port_type>port-abstract</port_type>
        </port>
        <port>
          <id>SAP19</id>
          <name>SAP19</name>
          <port_type>port-sap</port_type>
        </port>
      </ports>
      <resources>
        <cpu>8</cpu>
        <mem>12</mem>
        <storage>786</storage>
      </resources>
      <capabilities>
        <supported_NFs>
          <node>
            <id>A</id>
            <type>A</type>
          </node>
        </supported_NFs>
      </capabilities>
    </node>
    <node>
      <id>2</id>
      <name>2</name>
      <type>2</type>
      <ports>
        <port>
          <id>1</id>
          <name>1</name>
          <port_type>port-abstract</port_type>
        </port>
        <port>
          <id>2</id>
          <name>2</name>
          <port_type>port-abstract</port_type>
        </port>
        <port>
          <id>3</id>
          <name>3</name>
          <port_type>port-abstract</port_type>
        </port>
        <port>
          <id>4</id>
          <name>4</name>
          <port_type>port-abstract</port_type>
        </port>
        <port>
          <id>5</id>
          <name>5</name>
          <port_type>port-abstract</port_type>
        </port>
        <port>
          <id>6</id>
          <name>6</name>
          <port_type>port-abstract</port_type>
        </port>
        <port>
          <id>7</id>
          <name>7</name>
          <port_type>port-abstract</port_type>
        </port>
        <port>
          <id>SAP2</id>
          <name>SAP2</name>
          <port_type>port-sap</port_type>
        </port>
      </ports>
      <resources>
        <cpu>2</cpu>
        <mem>27</mem>
        <storage>635</storage>
      </resources>
      <capabilities>
        <supported_NFs>
          <node>
            <id>A</id>
            <type>A</type>
          </node>
        </supported_NFs>
      </capabilities>
    </node>
    <node>
      <id>3</id>
      <name>3</name>
      <type>3</type>
      <ports>
        <port>
          <id>1</id>
          <name>1</name>
          <port_type>port-abstract</port_type>
        </port>
        <port>
          <id>10</id>
          <name>10</name>
          <port_type>port-abstract</port_type>
        </port>
        <port>
          <id>11</id>
          <name>11</name>
          <port_type>port-abstract</port_type>
        </port>
        <port>
          <id>12</id>
          <name>12</name>
          <port_type>port-abstract</port_type>
        </port>
        <port>
          <id>2</id>
          <name>2</name>
          <port_type>port-abstract</port_type>
        </port>
        <port>
          <id>3</id>
          <name>3</name>
          <port_type>port-abstract</port_type>
        </port>
        <port>
          <id>4</id>
          <name>4</name>
          <port_type>port-abstract</port_type>
        </port>
        <port>
          <id>5</id>
          <name>5</name>
          <port_type>port-abstract</port_type>
        </port>
        <port>
          <id>6</id>
          <name>6</name>
          <port_type>port-abstract</port_type>
        </port>
        <port>
          <id>7</id>
          <name>7</name>
          <port_type>port-abstract</port_type>
        </port>
        <port>
          <id>8</id>
          <name>8</name>
          <port_type>port-abstract</port_type>
        </port>
        <port>
          <id>9</id>
          <name>9</name>
          <port_type>port-abstract</port_type>
        </port>
        <port>
          <id>SAP3</id>
          <name>SAP3</name>
          <port_type>port-sap</port_type>
        </port>
      </ports>
      <resources>
        <cpu>10</cpu>
        <mem>54</mem>
        <storage>923</storage>
      </resources>
      <capabilities>
        <supported_NFs>
          <node>
            <id>A</id>
            <type>A</type>
          </node>
        </supported_NFs>
      </capabilities>
    </node>
    <node>
      <id>4</id>
      <name>4</name>
      <type>4</type>
      <ports>
        <port>
          <id>1</id>
          <name>1</name>
          <port_type>port-abstract</port_type>
        </port>
        <port>
          <id>2</id>
          <name>2</name>
          <port_type>port-abstract</port_type>
        </port>
        <port>
          <id>3</id>
          <name>3</name>
          <port_type>port-abstract</port_type>
        </port>
        <port>
          <id>4</id>
          <name>4</name>
          <port_type>port-abstract</port_type>
        </port>
        <port>
          <id>5</id>
          <name>5</name>
          <port_type>port-abstract</port_type>
        </port>
        <port>
          <id>6</id>
          <name>6</name>
          <port_type>port-abstract</port_type>
        </port>
        <port>
          <id>7</id>
          <name>7</name>
          <port_type>port-abstract</port_type>
        </port>
        <port>
          <id>8</id>
          <name>8</name>
          <port_type>port-abstract</port_type>
        </port>
        <port>
          <id>SAP4</id>
          <name>SAP4</name>
          <port_type>port-sap</port_type>
        </port>
      </ports>
      <resources>
        <cpu>1</cpu>
        <mem>38</mem>
        <storage>555</storage>
      </resources>
      <capabilities>
        <supported_NFs>
          <node>
            <id>A</id>
            <type>A</type>
          </node>
        </supported_NFs>
      </capabilities>
    </node>
    <node>
      <id>5</id>
      <name>5</name>
      <type>5</type>
      <ports>
        <port>
          <id>1</id>
          <name>1</name>
          <port_type>port-abstract</port_type>
        </port>
        <port>
          <id>10</id>
          <name>10</name>
          <port_type>port-abstract</port_type>
        </port>
        <port>
          <id>11</id>
          <name>11</name>
          <port_type>port-abstract</port_type>
        </port>
        <port>
          <id>12</id>
          <name>12</name>
          <port_type>port-abstract</port_type>
        </port>
        <port>
          <id>2</id>
          <name>2</name>
          <port_type>port-abstract</port_type>
        </port>
        <port>
          <id>3</id>
          <name>3</name>
          <port_type>port-abstract</port_type>
        </port>
        <port>
          <id>4</id>
          <name>4</name>
          <port_type>port-abstract</port_type>
        </port>
        <port>
          <id>5</id>
          <name>5</name>
          <port_type>port-abstract</port_type>
        </port>
        <port>
          <id>6</id>
          <name>6</name>
          <port_type>port-abstract</port_type>
        </port>
        <port>
          <id>7</id>
          <name>7</name>
          <port_type>port-abstract</port_type>
        </port>
        <port>
          <id>8</id>
          <name>8</name>
          <port_type>port-abstract</port_type>
        </port>
        <port>
          <id>9</id>
          <name>9</name>
          <port_type>port-abstract</port_type>
        </port>
        <port>
          <id>SAP5</id>
          <name>SAP5</name>
          <port_type>port-sap</port_type>
        </port>
      </ports>
      <resources>
        <cpu>14</cpu>
        <mem>33</mem>
        <storage>759</storage>
      </resources>
      <capabilities>
        <supported_NFs>
          <node>
            <id>A</id>
            <type>A</type>
          </node>
        </supported_NFs>
      </capabilities>
    </node>
    <node>
      <id>6</id>
      <name>6</name>
      <type>6</type>
      <ports>
        <port>
          <id>1</id>
          <name>1</name>
          <port_type>port-abstract</port_type>
        </port>
        <port>
          <id>2</id>
          <name>2</name>
          <port_type>port-abstract</port_type>
        </port>
        <port>
          <id>3</id>
          <name>3</name>
          <port_type>port-abstract</port_type>
        </port>
        <port>
          <id>4</id>
          <name>4</name>
          <port_type>port-abstract</port_type>
        </port>
        <port>
          <id>5</id>
          <name>5</name>
          <port_type>port-abstract</port_type>
        </port>
        <port>
          <id>6</id>
          <name>6</name>
          <port_type>port-abstract</port_type>
        </port>
        <port>
          <id>7</id>
          <name>7</name>
          <port_type>port-abstract</port_type>
        </port>
        <port>
          <id>8</id>
          <name>8</name>
          <port_type>port-abstract</port_type>
        </port>
        <port>
          <id>9</id>
          <name>9</name>
          <port_type>port-abstract</port_type>
        </port>
        <port>
          <id>SAP6</id>
          <name>SAP6</name>
          <port_type>port-sap</port_type>
        </port>
      </ports>
      <resources>
        <cpu>3</cpu>
        <mem>26</mem>
        <storage>186</storage>
      </resources>
      <capabilities>
        <supported_NFs>
          <node>
            <id>A</id>
            <type>A</type>
          </node>
        </supported_NFs>
      </capabilities>
    </node>
    <node>
      <id>7</id>
      <name>7</name>
      <type>7</type>
      <ports>
        <port>
          <id>1</id>
          <name>1</name>
          <port_type>port-abstract</port_type>
        </port>
        <port>
          <id>2</id>
          <name>2</name>
          <port_type>port-abstract</port_type>
        </port>
        <port>
          <id>3</id>
          <name>3</name>
          <port_type>port-abstract</port_type>
        </port>
        <port>
          <id>4</id>
          <name>4</name>
          <port_type>port-abstract</port_type>
        </port>
        <port>
          <id>5</id>
          <name>5</name>
          <port_type>port-abstract</port_type>
        </port>
        <port>
          <id>6</id>
          <name>6</name>
          <port_type>port-abstract</port_type>
        </port>
        <port>
          <id>7</id>
          <name>7</name>
          <port_type>port-abstract</port_type>
        </port>
        <port>
          <id>SAP7</id>
          <name>SAP7</name>
          <port_type>port-sap</port_type>
        </port>
      </ports>
      <resources>
        <cpu>3</cpu>
        <mem>49</mem>
        <storage>46</storage>
      </resources>
      <capabilities>
        <supported_NFs>
          <node>
            <id>A</id>
            <type>A</type>
          </node>
        </supported_NFs>
      </capabilities>
    </node>
    <node>
      <id>8</id>
      <name>8</name>
      <type>8</type>
      <ports>
        <port>
          <id>1</id>
          <name>1</name>
          <port_type>port-abstract</port_type>
        </port>
        <port>
          <id>2</id>
          <name>2</name>
          <port_type>port-abstract</port_type>
        </port>
        <port>
          <id>3</id>
          <name>3</name>
          <port_type>port-abstract</port_type>
        </port>
        <port>
          <id>4</id>
          <name>4</name>
          <port_type>port-abstract</port_type>
        </port>
        <port>
          <id>5</id>
          <name>5</name>
          <port_type>port-abstract</port_type>
        </port>
        <port>
          <id>6</id>
          <name>6</name>
          <port_type>port-abstract</port_type>
        </port>
        <port>
          <id>7</id>
          <name>7</name>
          <port_type>port-abstract</port_type>
        </port>
        <port>
          <id>8</id>
          <name>8</name>
          <port_type>port-abstract</port_type>
        </port>
        <port>
          <id>SAP8</id>
          <name>SAP8</name>
          <port_type>port-sap</port_type>
        </port>
      </ports>
      <resources>
        <cpu>5</cpu>
        <mem>16</mem>
        <storage>684</storage>
      </resources>
      <capabilities>
        <supported_NFs>
          <node>
            <id>A</id>
            <type>A</type>
          </node>
        </supported_NFs>
      </capabilities>
    </node>
    <node>
      <id>9</id>
      <name>9</name>
      <type>9</type>
      <ports>
        <port>
          <id>1</id>
          <name>1</name>
          <port_type>port-abstract</port_type>
        </port>
        <port>
          <id>2</id>
          <name>2</name>
          <port_type>port-abstract</port_type>
        </port>
        <port>
          <id>3</id>
          <name>3</name>
          <port_type>port-abstract</port_type>
        </port>
        <port>
          <id>4</id>
          <name>4</name>
          <port_type>port-abstract</port_type>
        </port>
        <port>
          <id>5</id>
          <name>5</name>
          <port_type>port-abstract</port_type>
        </port>
        <port>
          <id>6</id>
          <name>6</name>
          <port_type>port-abstract</port_type>
        </port>
        <port>
          <id>7</id>
          <name>7</name>
          <port_type>port-abstract</port_type>
        </port>
        <port>
          <id>8</id>
          <name>8</name>
          <port_type>port-abstract</port_type>
        </port>
        <port>
          <id>SAP9</id>
          <name>SAP9</name>
          <port_type>port-sap</port_type>
        </port>
      </ports>
      <resources>
        <cpu>8</cpu>
        <mem>28</mem>
        <storage>893</storage>
      </resources>
      <capabilities>
        <supported_NFs>
          <node>
            <id>A</id>
            <type>A</type>
          </node>
        </supported_NFs>
      </capabilities>
    </node>
  </nodes>
  <links>
    <link>
      <id>0-1</id>
      <name>0-1</name>
      <src>/virtualizer/nodes/node[id=0]/ports/port[id=1]</src>
      <dst>/virtualizer/nodes/node[id=1]/ports/port[id=1]</dst>
      <resources>
        <delay>5</delay>
        <bandwidth>31</bandwidth>
      </resources>
    </link>
    <link>
      <id>0-13</id>
      <name>0-13</name>
      <src>/virtualizer/nodes/node[id=0]/ports/port[id=7]</src>
      <dst>/virtualizer/nodes/node[id=13]/ports/port[id=1]</dst>
      <resources>
        <delay>3</delay>
        <bandwidth>37</bandwidth>
      </resources>
    </link>
    <link>
      <id>0-15</id>
      <name>0-15</name>
      <src>/virtualizer/nodes/node[id=0]/ports/port[id=8]</src>
      <dst>/virtualizer/nodes/node[id=15]/ports/port[id=1]</dst>
      <resources>
        <delay>4</delay>
        <bandwidth>94</bandwidth>
      </resources>
    </link>
    <link>
      <id>0-17</id>
      <name>0-17</name>
      <src>/virtualizer/nodes/node[id=0]/ports/port[id=9]</src>
      <dst>/virtualizer/nodes/node[id=17]/ports/port[id=1]</dst>
      <resources>
        <delay>6</delay>
        <bandwidth>14</bandwidth>
      </resources>
    </link>
    <link>
      <id>0-19</id>
      <name>0-19</name>
      <src>/virtualizer/nodes/node[id=0]/ports/port[id=10]</src>
      <dst>/virtualizer/nodes/node[id=19]/ports/port[id=1]</dst>
      <resources>
        <delay>1</delay>
        <bandwidth>63</bandwidth>
      </resources>
    </link>
    <link>
      <id>0-3</id>
      <name>0-3</name>
      <src>/virtualizer/nodes/node[id=0]/ports/port[id=2]</src>
      <dst>/virtualizer/nodes/node[id=3]/ports/port[id=1]</dst>
      <resources>
        <delay>1</delay>
        <bandwidth>58</bandwidth>
      </resources>
    </link>
    <link>
      <id>0-4</id>
      <name>0-4</name>
      <src>/virtualizer/nodes/node[id=0]/ports/port[id=3]</src>
      <dst>/virtualizer/nodes/node[id=4]/ports/port[id=1]</dst>
      <resources>
        <delay>8</delay>
        <bandwidth>34</bandwidth>
      </resources>
    </link>
    <link>
      <id>0-5</id>
      <name>0-5</name>
      <src>/virtualizer/nodes/node[id=0]/ports/port[id=4]</src>
      <dst>/virtualizer/nodes/node[id=5]/ports/port[id=1]</dst>
      <resources>
        <delay>1</delay>
        <bandwidth>53</bandwidth>
      </resources>
    </link>
    <link>
      <id>0-6</id>
      <name>0-6</name>
      <src>/virtualizer/nodes/node[id=0]/ports/port[id=5]</src>
      <dst>/virtualizer/nodes/node[id=6]/ports/port[id=1]</dst>
      <resources>
        <delay>9</delay>
        <bandwidth>87</bandwidth>
      </resources>
    </link>
    <link>
      <id>0-9</id>
      <name>0-9</name>
      <src>/virtualizer/nodes/node[id=0]/ports/port[id=6]</src>
      <dst>/virtualizer/nodes/node[id=9]/ports/port[id=1]</dst>
      <resources>
        <delay>1</delay>
        <bandwidth>75</bandwidth>
      </resources>
    </link>
    <link>
      <id>1-0</id>
      <name>1-0</name>
      <src>/virtualizer/nodes/node[id=1]/ports/port[id=1]</src>
      <dst>/virtualizer/nodes/node[id=0]/ports/port[id=1]</dst>
      <resources>
        <delay>5</delay>
        <bandwidth>31</bandwidth>
      </resources>
    </link>
    <link>
      <id>1-14</id>
      <name>1-14</name>
      <src>/virtualizer/nodes/node[id=1]/ports/port[id=4]</src>
      <dst>/virtualizer/nodes/node[id=14]/ports/port[id=1]</dst>
      <resources>
        <delay>8</delay>
        <bandwidth>38</bandwidth>
      </resources>
    </link>
    <link>
      <id>1-16</id>
      <name>1-16</name>
      <src>/virtualizer/nodes/node[id=1]/ports/port[id=5]</src>
      <dst>/virtualizer/nodes/node[id=16]/ports/port[id=1]</dst>
      <resources>
        <delay>6</delay>
        <bandwidth>81</bandwidth>
      </resources>
    </link>
    <link>
      <id>1-19</id>
      <name>1-19</name>
      <src>/virtualizer/nodes/node[id=1]/ports/port[id=6]</src>
      <dst>/virtualizer/nodes/node[id=19]/ports/port[id=2]</dst>
      <resources>
        <delay>8</delay>
        <bandwidth>9</bandwidth>
      </resources>
    </link>
    <link>
      <id>1-4</id>
      <name>1-4</name>
      <src>/virtualizer/nodes/node[id=1]/ports/port[id=2]</src>
      <dst>/virtualizer/nodes/node[id=4]/ports/port[id=2]</dst>
      <resources>
        <delay>1</delay>
        <bandwidth>69</bandwidth>
      </resources>
    </link>
    <link>
      <id>1-5</id>
      <name>1-5</name>
      <src>/virtualizer/nodes/node[id=1]/ports/port[id=3]</src>
      <dst>/virtualizer/nodes/node[id=5]/ports/port[id=2]</dst>
      <resources>
        <delay>1</delay>
        <bandwidth>71</bandwidth>
      </resources>
    </link>
    <link>
      <id>10-11</id>
      <name>10-11</name>
      <src>/virtualizer/nodes/node[id=10]/ports/port[id=4]</src>
      <dst>/virtualizer/nodes/node[id=11]/ports/port[id=3]</dst>
      <resources>
        <delay>8</delay>
        <bandwidth>29</bandwidth>
      </resources>
    </link>
    <link>
      <id>10-13</id>
      <name>10-13</name>
      <src>/virtualizer/nodes/node[id=10]/ports/port[id=5]</src>
      <dst>/virtualizer/nodes/node[id=13]/ports/port[id=5]</dst>
      <resources>
        <delay>2</delay>
        <bandwidth>57</bandwidth>
      </resources>
    </link>
    <link>
      <id>10-14</id>
      <name>10-14</name>
      <src>/virtualizer/nodes/node[id=10]/ports/port[id=6]</src>
      <dst>/virtualizer/nodes/node[id=14]/ports/port[id=7]</dst>
      <resources>
        <delay>8</delay>
        <bandwidth>50</bandwidth>
      </resources>
    </link>
    <link>
      <id>10-16</id>
      <name>10-16</name>
      <src>/virtualizer/nodes/node[id=10]/ports/port[id=7]</src>
      <dst>/virtualizer/nodes/node[id=16]/ports/port[id=7]</dst>
      <resources>
        <delay>6</delay>
        <bandwidth>7</bandwidth>
      </resources>
    </link>
    <link>
      <id>10-17</id>
      <name>10-17</name>
      <src>/virtualizer/nodes/node[id=10]/ports/port[id=8]</src>
      <dst>/virtualizer/nodes/node[id=17]/ports/port[id=6]</dst>
      <resources>
        <delay>3</delay>
        <bandwidth>64</bandwidth>
      </resources>
    </link>
    <link>
      <id>10-19</id>
      <name>10-19</name>
      <src>/virtualizer/nodes/node[id=10]/ports/port[id=9]</src>
      <dst>/virtualizer/nodes/node[id=19]/ports/port[id=6]</dst>
      <resources>
        <delay>5</delay>
        <bandwidth>66</bandwidth>
      </resources>
    </link>
    <link>
      <id>10-3</id>
      <name>10-3</name>
      <src>/virtualizer/nodes/node[id=10]/ports/port[id=1]</src>
      <dst>/virtualizer/nodes/node[id=3]/ports/port[id=6]</dst>
      <resources>
        <delay>3</delay>
        <bandwidth>73</bandwidth>
      </resources>
    </link>
    <link>
      <id>10-4</id>
      <name>10-4</name>
      <src>/virtualizer/nodes/node[id=10]/ports/port[id=2]</src>
      <dst>/virtualizer/nodes/node[id=4]/ports/port[id=5]</dst>
      <resources>
        <delay>4</delay>
        <bandwidth>46</bandwidth>
      </resources>
    </link>
    <link>
      <id>10-6</id>
      <name>10-6</name>
      <src>/virtualizer/nodes/node[id=10]/ports/port[id=3]</src>
      <dst>/virtualizer/nodes/node[id=6]/ports/port[id=4]</dst>
      <resources>
        <delay>7</delay>
        <bandwidth>23</bandwidth>
      </resources>
    </link>
    <link>
      <id>11-10</id>
      <name>11-10</name>
      <src>/virtualizer/nodes/node[id=11]/ports/port[id=3]</src>
      <dst>/virtualizer/nodes/node[id=10]/ports/port[id=4]</dst>
      <resources>
        <delay>8</delay>
        <bandwidth>29</bandwidth>
      </resources>
    </link>
    <link>
      <id>11-15</id>
      <name>11-15</name>
      <src>/virtualizer/nodes/node[id=11]/ports/port[id=4]</src>
      <dst>/virtualizer/nodes/node[id=15]/ports/port[id=7]</dst>
      <resources>
        <delay>6</delay>
        <bandwidth>65</bandwidth>
      </resources>
    </link>
    <link>
      <id>11-16</id>
      <name>11-16</name>
      <src>/virtualizer/nodes/node[id=11]/ports/port[id=5]</src>
      <dst>/virtualizer/nodes/node[id=16]/ports/port[id=8]</dst>
      <resources>
        <delay>3</delay>
        <bandwidth>98</bandwidth>
      </resources>
    </link>
    <link>
      <id>11-17</id>
      <name>11-17</name>
      <src>/virtualizer/nodes/node[id=11]/ports/port[id=6]</src>
      <dst>/virtualizer/nodes/node[id=17]/ports/port[id=7]</dst>
      <resources>
        <delay>8</delay>
        <bandwidth>53</bandwidth>
      </resources>
    </link>
    <link>
      <id>11-18</id>
      <name>11-18</name>
      <src>/virtualizer/nodes/node[id=11]/ports/port[id=7]</src>
      <dst>/virtualizer/nodes/node[id=18]/ports/port[id=6]</dst>
      <resources>
        <delay>7</delay>
        <bandwidth>45</bandwidth>
      </resources>
    </link>
    <link>
      <id>11-19</id>
      <name>11-19</name>
      <src>/virtualizer/nodes/node[id=11]/ports/port[id=8]</src>
      <dst>/virtualizer/nodes/node[id=19]/ports/port[id=7]</dst>
      <resources>
        <delay>4</delay>
        <bandwidth>50</bandwidth>
      </resources>
    </link>
    <link>
      <id>11-5</id>
      <name>11-5</name>
      <src>/virtualizer/nodes/node[id=11]/ports/port[id=1]</src>
      <dst>/virtualizer/nodes/node[id=5]/ports/port[id=7]</dst>
      <resources>
        <delay>7</delay>
        <bandwidth>75</bandwidth>
      </resources>
    </link>
    <link>
      <id>11-6</id>
      <name>11-6</name>
      <src>/virtualizer/nodes/node[id=11]/ports/port[id=2]</src>
      <dst>/virtualizer/nodes/node[id=6]/ports/port[id=5]</dst>
      <resources>
        <delay>2</delay>
        <bandwidth>88</bandwidth>
      </resources>
    </link>
    <link>
      <id>12-13</id>
      <name>12-13</name>
      <src>/virtualizer/nodes/node[id=12]/ports/port[id=6]</src>
      <dst>/virtualizer/nodes/node[id=13]/ports/port[id=6]</dst>
      <resources>
        <delay>7</delay>
        <bandwidth>36</bandwidth>
      </resources>
    </link>
    <link>
      <id>12-15</id>
      <name>12-15</name>
      <src>/virtualizer/nodes/node[id=12]/ports/port[id=7]</src>
      <dst>/virtualizer/nodes/node[id=15]/ports/port[id=8]</dst>
      <resources>
        <delay>8</delay>
        <bandwidth>74</bandwidth>
      </resources>
    </link>
    <link>
      <id>12-2</id>
      <name>12-2</name>
      <src>/virtualizer/nodes/node[id=12]/ports/port[id=1]</src>
      <dst>/virtualizer/nodes/node[id=2]/ports/port[id=3]</dst>
      <resources>
        <delay>2</delay>
        <bandwidth>35</bandwidth>
      </resources>
    </link>
    <link>
      <id>12-3</id>
      <name>12-3</name>
      <src>/virtualizer/nodes/node[id=12]/ports/port[id=2]</src>
      <dst>/virtualizer/nodes/node[id=3]/ports/port[id=7]</dst>
      <resources>
        <delay>5</delay>
        <bandwidth>54</bandwidth>
      </resources>
    </link>
    <link>
      <id>12-4</id>
      <name>12-4</name>
      <src>/virtualizer/nodes/node[id=12]/ports/port[id=3]</src>
      <dst>/virtualizer/nodes/node[id=4]/ports/port[id=6]</dst>
      <resources>
        <delay>8</delay>
        <bandwidth>50</bandwidth>
      </resources>
    </link>
    <link>
      <id>12-6</id>
      <name>12-6</name>
      <src>/virtualizer/nodes/node[id=12]/ports/port[id=4]</src>
      <dst>/virtualizer/nodes/node[id=6]/ports/port[id=6]</dst>
      <resources>
        <delay>8</delay>
        <bandwidth>68</bandwidth>
      </resources>
    </link>
    <link>
      <id>12-9</id>
      <name>12-9</name>
      <src>/virtualizer/nodes/node[id=12]/ports/port[id=5]</src>
      <dst>/virtualizer/nodes/node[id=9]/ports/port[id=4]</dst>
      <resources>
        <delay>8</delay>
        <bandwidth>14</bandwidth>
      </resources>
    </link>
    <link>
      <id>13-0</id>
      <name>13-0</name>
      <src>/virtualizer/nodes/node[id=13]/ports/port[id=1]</src>
      <dst>/virtualizer/nodes/node[id=0]/ports/port[id=7]</dst>
      <resources>
        <delay>3</delay>
        <bandwidth>37</bandwidth>
      </resources>
    </link>
    <link>
      <id>13-10</id>
      <name>13-10</name>
      <src>/virtualizer/nodes/node[id=13]/ports/port[id=5]</src>
      <dst>/virtualizer/nodes/node[id=10]/ports/port[id=5]</dst>
      <resources>
        <delay>2</delay>
        <bandwidth>57</bandwidth>
      </resources>
    </link>
    <link>
      <id>13-12</id>
      <name>13-12</name>
      <src>/virtualizer/nodes/node[id=13]/ports/port[id=6]</src>
      <dst>/virtualizer/nodes/node[id=12]/ports/port[id=6]</dst>
      <resources>
        <delay>7</delay>
        <bandwidth>36</bandwidth>
      </resources>
    </link>
    <link>
      <id>13-14</id>
      <name>13-14</name>
      <src>/virtualizer/nodes/node[id=13]/ports/port[id=7]</src>
      <dst>/virtualizer/nodes/node[id=14]/ports/port[id=8]</dst>
      <resources>
        <delay>7</delay>
        <bandwidth>55</bandwidth>
      </resources>
    </link>
    <link>
      <id>13-17</id>
      <name>13-17</name>
      <src>/virtualizer/nodes/node[id=13]/ports/port[id=8]</src>
      <dst>/virtualizer/nodes/node[id=17]/ports/port[id=8]</dst>
      <resources>
        <delay>1</delay>
        <bandwidth>8</bandwidth>
      </resources>
    </link>
    <link>
      <id>13-18</id>
      <name>13-18</name>
      <src>/virtualizer/nodes/node[id=13]/ports/port[id=9]</src>
      <dst>/virtualizer/nodes/node[id=18]/ports/port[id=7]</dst>
      <resources>
        <delay>7</delay>
        <bandwidth>2</bandwidth>
      </resources>
    </link>
    <link>
      <id>13-19</id>
      <name>13-19</name>
      <src>/virtualizer/nodes/node[id=13]/ports/port[id=10]</src>
      <dst>/virtualizer/nodes/node[id=19]/ports/port[id=8]</dst>
      <resources>
        <delay>2</delay>
        <bandwidth>46</bandwidth>
      </resources>
    </link>
    <link>
      <id>13-5</id>
      <name>13-5</name>
      <src>/virtualizer/nodes/node[id=13]/ports/port[id=2]</src>
      <dst>/virtualizer/nodes/node[id=5]/ports/port[id=8]</dst>
      <resources>
        <delay>4</delay>
        <bandwidth>67</bandwidth>
      </resources>
    </link>
    <link>
      <id>13-7</id>
      <name>13-7</name>
      <src>/virtualizer/nodes/node[id=13]/ports/port[id=3]</src>
      <dst>/virtualizer/nodes/node[id=7]/ports/port[id=4]</dst>
      <resources>
        <delay>7</delay>
        <bandwidth>64</bandwidth>
      </resources>
    </link>
    <link>
      <id>13-8</id>
      <name>13-8</name>
      <src>/virtualizer/nodes/node[id=13]/ports/port[id=4]</src>
      <dst>/virtualizer/nodes/node[id=8]/ports/port[id=6]</dst>
      <resources>
        <delay>3</delay>
        <bandwidth>66</bandwidth>
      </resources>
    </link>
    <link>
      <id>14-1</id>
      <name>14-1</name>
      <src>/virtualizer/nodes/node[id=14]/ports/port[id=1]</src>
      <dst>/virtualizer/nodes/node[id=1]/ports/port[id=4]</dst>
      <resources>
        <delay>8</delay>
        <bandwidth>38</bandwidth>
      </resources>
    </link>
    <link>
      <id>14-10</id>
      <name>14-10</name>
      <src>/virtualizer/nodes/node[id=14]/ports/port[id=7]</src>
      <dst>/virtualizer/nodes/node[id=10]/ports/port[id=6]</dst>
      <resources>
        <delay>8</delay>
        <bandwidth>50</bandwidth>
      </resources>
    </link>
    <link>
      <id>14-13</id>
      <name>14-13</name>
      <src>/virtualizer/nodes/node[id=14]/ports/port[id=8]</src>
      <dst>/virtualizer/nodes/node[id=13]/ports/port[id=7]</dst>
      <resources>
        <delay>7</delay>
        <bandwidth>55</bandwidth>
      </resources>
    </link>
    <link>
      <id>14-15</id>
      <name>14-15</name>
      <src>/virtualizer/nodes/node[id=14]/ports/port[id=9]</src>
      <dst>/virtualizer/nodes/node[id=15]/ports/port[id=9]</dst>
      <resources>
        <delay>8</delay>
        <bandwidth>50</bandwidth>
      </resources>
    </link>
    <link>
      <id>14-19</id>
      <name>14-19</name>
      <src>/virtualizer/nodes/node[id=14]/ports/port[id=10]</src>
      <dst>/virtualizer/nodes/node[id=19]/ports/port[id=9]</dst>
      <resources>
        <delay>3</delay>
        <bandwidth>14</bandwidth>
      </resources>
    </link>
    <link>
      <id>14-2</id>
      <name>14-2</name>
      <src>/virtualizer/nodes/node[id=14]/ports/port[id=2]</src>
      <dst>/virtualizer/nodes/node[id=2]/ports/port[id=4]</dst>
      <resources>
        <delay>2</delay>
        <bandwidth>91</bandwidth>
      </resources>
    </link>
    <link>
      <id>14-3</id>
      <name>14-3</name>
      <src>/virtualizer/nodes/node[id=14]/ports/port[id=3]</src>
      <dst>/virtualizer/nodes/node[id=3]/ports/port[id=8]</dst>
      <resources>
        <delay>9</delay>
        <bandwidth>2</bandwidth>
      </resources>
    </link>
    <link>
      <id>14-4</id>
      <name>14-4</name>
      <src>/virtualizer/nodes/node[id=14]/ports/port[id=4]</src>
      <dst>/virtualizer/nodes/node[id=4]/ports/port[id=7]</dst>
      <resources>
        <delay>1</delay>
        <bandwidth>94</bandwidth>
      </resources>
    </link>
    <link>
      <id>14-6</id>
      <name>14-6</name>
      <src>/virtualizer/nodes/node[id=14]/ports/port[id=5]</src>
      <dst>/virtualizer/nodes/node[id=6]/ports/port[id=7]</dst>
      <resources>
        <delay>3</delay>
        <bandwidth>23</bandwidth>
      </resources>
    </link>
    <link>
      <id>14-9</id>
      <name>14-9</name>
      <src>/virtualizer/nodes/node[id=14]/ports/port[id=6]</src>
      <dst>/virtualizer/nodes/node[id=9]/ports/port[id=5]</dst>
      <resources>
        <delay>8</delay>
        <bandwidth>31</bandwidth>
      </resources>
    </link>
    <link>
      <id>15-0</id>
      <name>15-0</name>
      <src>/virtualizer/nodes/node[id=15]/ports/port[id=1]</src>
      <dst>/virtualizer/nodes/node[id=0]/ports/port[id=8]</dst>
      <resources>
        <delay>4</delay>
        <bandwidth>94</bandwidth>
      </resources>
    </link>
    <link>
      <id>15-11</id>
      <name>15-11</name>
      <src>/virtualizer/nodes/node[id=15]/ports/port[id=7]</src>
      <dst>/virtualizer/nodes/node[id=11]/ports/port[id=4]</dst>
      <resources>
        <delay>6</delay>
        <bandwidth>65</bandwidth>
      </resources>
    </link>
    <link>
      <id>15-12</id>
      <name>15-12</name>
      <src>/virtualizer/nodes/node[id=15]/ports/port[id=8]</src>
      <dst>/virtualizer/nodes/node[id=12]/ports/port[id=7]</dst>
      <resources>
        <delay>8</delay>
        <bandwidth>74</bandwidth>
      </resources>
    </link>
    <link>
      <id>15-14</id>
      <name>15-14</name>
      <src>/virtualizer/nodes/node[id=15]/ports/port[id=9]</src>
      <dst>/virtualizer/nodes/node[id=14]/ports/port[id=9]</dst>
      <resources>
        <delay>8</delay>
        <bandwidth>50</bandwidth>
      </resources>
    </link>
    <link>
      <id>15-16</id>
      <name>15-16</name>
      <src>/virtualizer/nodes/node[id=15]/ports/port[id=10]</src>
      <dst>/virtualizer/nodes/node[id=16]/ports/port[id=9]</dst>
      <resources>
        <delay>2</delay>
        <bandwidth>89</bandwidth>
      </resources>
    </link>
    <link>
      <id>15-17</id>
      <name>15-17</name>
      <src>/virtualizer/nodes/node[id=15]/ports/port[id=11]</src>
      <dst>/virtualizer/nodes/node[id=17]/ports/port[id=9]</dst>
      <resources>
        <delay>1</delay>
        <bandwidth>8</bandwidth>
      </resources>
    </link>
    <link>
      <id>15-2</id>
      <name>15-2</name>
      <src>/virtualizer/nodes/node[id=15]/ports/port[id=2]</src>
      <dst>/virtualizer/nodes/node[id=2]/ports/port[id=5]</dst>
      <resources>
        <delay>4</delay>
        <bandwidth>86</bandwidth>
      </resources>
    </link>
    <link>
      <id>15-5</id>
      <name>15-5</name>
      <src>/virtualizer/nodes/node[id=15]/ports/port[id=3]</src>
      <dst>/virtualizer/nodes/node[id=5]/ports/port[id=9]</dst>
      <resources>
        <delay>2</delay>
        <bandwidth>1</bandwidth>
      </resources>
    </link>
    <link>
      <id>15-6</id>
      <name>15-6</name>
      <src>/virtualizer/nodes/node[id=15]/ports/port[id=4]</src>
      <dst>/virtualizer/nodes/node[id=6]/ports/port[id=8]</dst>
      <resources>
        <delay>8</delay>
        <bandwidth>61</bandwidth>
      </resources>
    </link>
    <link>
      <id>15-7</id>
      <name>15-7</name>
      <src>/virtualizer/nodes/node[id=15]/ports/port[id=5]</src>
      <dst>/virtualizer/nodes/node[id=7]/ports/port[id=5]</dst>
      <resources>
        <delay>2</delay>
        <bandwidth>40</bandwidth>
      </resources>
    </link>
    <link>
      <id>15-9</id>
      <name>15-9</name>
      <src>/virtualizer/nodes/node[id=15]/ports/port[id=6]</src>
      <dst>/virtualizer/nodes/node[id=9]/ports/port[id=6]</dst>
      <resources>
        <delay>5</delay>
        <bandwidth>55</bandwidth>
      </resources>
    </link>
    <link>
      <id>16-1</id>
      <name>16-1</name>
      <src>/virtualizer/nodes/node[id=16]/ports/port[id=1]</src>
      <dst>/virtualizer/nodes/node[id=1]/ports/port[id=5]</dst>
      <resources>
        <delay>6</delay>
        <bandwidth>81</bandwidth>
      </resources>
    </link>
    <link>
      <id>16-10</id>
      <name>16-10</name>
      <src>/virtualizer/nodes/node[id=16]/ports/port[id=7]</src>
      <dst>/virtualizer/nodes/node[id=10]/ports/port[id=7]</dst>
      <resources>
        <delay>6</delay>
        <bandwidth>7</bandwidth>
      </resources>
    </link>
    <link>
      <id>16-11</id>
      <name>16-11</name>
      <src>/virtualizer/nodes/node[id=16]/ports/port[id=8]</src>
      <dst>/virtualizer/nodes/node[id=11]/ports/port[id=5]</dst>
      <resources>
        <delay>3</delay>
        <bandwidth>98</bandwidth>
      </resources>
    </link>
    <link>
      <id>16-15</id>
      <name>16-15</name>
      <src>/virtualizer/nodes/node[id=16]/ports/port[id=9]</src>
      <dst>/virtualizer/nodes/node[id=15]/ports/port[id=10]</dst>
      <resources>
        <delay>2</delay>
        <bandwidth>89</bandwidth>
      </resources>
    </link>
    <link>
      <id>16-17</id>
      <name>16-17</name>
      <src>/virtualizer/nodes/node[id=16]/ports/port[id=10]</src>
      <dst>/virtualizer/nodes/node[id=17]/ports/port[id=10]</dst>
      <resources>
        <delay>3</delay>
        <bandwidth>34</bandwidth>
      </resources>
    </link>
    <link>
      <id>16-18</id>
      <name>16-18</name>
      <src>/virtualizer/nodes/node[id=16]/ports/port[id=11]</src>
      <dst>/virtualizer/nodes/node[id=18]/ports/port[id=8]</dst>
      <resources>
        <delay>6</delay>
        <bandwidth>6</bandwidth>
      </resources>
    </link>
    <link>
      <id>16-19</id>
      <name>16-19</name>
      <src>/virtualizer/nodes/node[id=16]/ports/port[id=12]</src>
      <dst>/virtualizer/nodes/node[id=19]/ports/port[id=10]</dst>
      <resources>
        <delay>9</delay>
        <bandwidth>19</bandwidth>
      </resources>
    </link>
    <link>
      <id>16-2</id>
      <name>16-2</name>
      <src>/virtualizer/nodes/node[id=16]/ports/port[id=2]</src>
      <dst>/virtualizer/nodes/node[id=2]/ports/port[id=6]</dst>
      <resources>
        <delay>5</delay>
        <bandwidth>11</bandwidth>
      </resources>
    </link>
    <link>
      <id>16-3</id>
      <name>16-3</name>
      <src>/virtualizer/nodes/node[id=16]/ports/port[id=3]</src>
      <dst>/virtualizer/nodes/node[id=3]/ports/port[id=9]</dst>
      <resources>
        <delay>9</delay>
        <bandwidth>45</bandwidth>
      </resources>
    </link>
    <link>
      <id>16-5</id>
      <name>16-5</name>
      <src>/virtualizer/nodes/node[id=16]/ports/port[id=4]</src>
      <dst>/virtualizer/nodes/node[id=5]/ports/port[id=10]</dst>
      <resources>
        <delay>7</delay>
        <bandwidth>45</bandwidth>
      </resources>
    </link>
    <link>
      <id>16-6</id>
      <name>16-6</name>
      <src>/virtualizer/nodes/node[id=16]/ports/port[id=5]</src>
      <dst>/virtualizer/nodes/node[id=6]/ports/port[id=9]</dst>
      <resources>
        <delay>6</delay>
        <bandwidth>25</bandwidth>
      </resources>
    </link>
    <link>
      <id>16-8</id>
      <name>16-8</name>
      <src>/virtualizer/nodes/node[id=16]/ports/port[id=6]</src>
      <dst>/virtualizer/nodes/node[id=8]/ports/port[id=7]</dst>
      <resources>
        <delay>5</delay>
        <bandwidth>50</bandwidth>
      </resources>
    </link>
    <link>
      <id>17-0</id>
      <name>17-0</name>
      <src>/virtualizer/nodes/node[id=17]/ports/port[id=1]</src>
      <dst>/virtualizer/nodes/node[id=0]/ports/port[id=9]</dst>
      <resources>
        <delay>6</delay>
        <bandwidth>14</bandwidth>
      </resources>
    </link>
    <link>
      <id>17-10</id>
      <name>17-10</name>
      <src>/virtualizer/nodes/node[id=17]/ports/port[id=6]</src>
      <dst>/virtualizer/nodes/node[id=10]/ports/port[id=8]</dst>
      <resources>
        <delay>3</delay>
        <bandwidth>64</bandwidth>
      </resources>
    </link>
    <link>
      <id>17-11</id>
      <name>17-11</name>
      <src>/virtualizer/nodes/node[id=17]/ports/port[id=7]</src>
      <dst>/virtualizer/nodes/node[id=11]/ports/port[id=6]</dst>
      <resources>
        <delay>8</delay>
        <bandwidth>53</bandwidth>
      </resources>
    </link>
    <link>
      <id>17-13</id>
      <name>17-13</name>
      <src>/virtualizer/nodes/node[id=17]/ports/port[id=8]</src>
      <dst>/virtualizer/nodes/node[id=13]/ports/port[id=8]</dst>
      <resources>
        <delay>1</delay>
        <bandwidth>8</bandwidth>
      </resources>
    </link>
    <link>
      <id>17-15</id>
      <name>17-15</name>
      <src>/virtualizer/nodes/node[id=17]/ports/port[id=9]</src>
      <dst>/virtualizer/nodes/node[id=15]/ports/port[id=11]</dst>
      <resources>
        <delay>1</delay>
        <bandwidth>8</bandwidth>
      </resources>
    </link>
    <link>
      <id>17-16</id>
      <name>17-16</name>
      <src>/virtualizer/nodes/node[id=17]/ports/port[id=10]</src>
      <dst>/virtualizer/nodes/node[id=16]/ports/port[id=10]</dst>
      <resources>
        <delay>3</delay>
        <bandwidth>34</bandwidth>
      </resources>
    </link>
    <link>
      <id>17-3</id>
      <name>17-3</name>
      <src>/virtualizer/nodes/node[id=17]/ports/port[id=2]</src>
      <dst>/virtualizer/nodes/node[id=3]/ports/port[id=10]</dst>
      <resources>
        <delay>9</delay>
        <bandwidth>76</bandwidth>
      </resources>
    </link>
    <link>
      <id>17-5</id>
      <name>17-5</name>
      <src>/virtualizer/nodes/node[id=17]/ports/port[id=3]</src>
      <dst>/virtualizer/nodes/node[id=5]/ports/port[id=11]</dst>
      <resources>
        <delay>7</delay>
        <bandwidth>44</bandwidth>
      </resources>
    </link>
    <link>
      <id>17-7</id>
      <name>17-7</name>
      <src>/virtualizer/nodes/node[id=17]/ports/port[id=4]</src>
      <dst>/virtualizer/nodes/node[id=7]/ports/port[id=6]</dst>
      <resources>
        <delay>3</delay>
        <bandwidth>71</bandwidth>
      </resources>
    </link>
    <link>
      <id>17-9</id>
      <name>17-9</name>
      <src>/virtualizer/nodes/node[id=17]/ports/port[id=5]</src>
      <dst>/virtualizer/nodes/node[id=9]/ports/port[id=7]</dst>
      <resources>
        <delay>1</delay>
        <bandwidth>98</bandwidth>
      </resources>
    </link>
    <link>
      <id>18-11</id>
      <name>18-11</name>
      <src>/virtualizer/nodes/node[id=18]/ports/port[id=6]</src>
      <dst>/virtualizer/nodes/node[id=11]/ports/port[id=7]</dst>
      <resources>
        <delay>7</delay>
        <bandwidth>45</bandwidth>
      </resources>
    </link>
    <link>
      <id>18-13</id>
      <name>18-13</name>
      <src>/virtualizer/nodes/node[id=18]/ports/port[id=7]</src>
      <dst>/virtualizer/nodes/node[id=13]/ports/port[id=9]</dst>
      <resources>
        <delay>7</delay>
        <bandwidth>2</bandwidth>
      </resources>
    </link>
    <link>
      <id>18-16</id>
      <name>18-16</name>
      <src>/virtualizer/nodes/node[id=18]/ports/port[id=8]</src>
      <dst>/virtualizer/nodes/node[id=16]/ports/port[id=11]</dst>
      <resources>
        <delay>6</delay>
        <bandwidth>6</bandwidth>
      </resources>
    </link>
    <link>
      <id>18-2</id>
      <name>18-2</name>
      <src>/virtualizer/nodes/node[id=18]/ports/port[id=1]</src>
      <dst>/virtualizer/nodes/node[id=2]/ports/port[id=7]</dst>
      <resources>
        <delay>1</delay>
        <bandwidth>4</bandwidth>
      </resources>
    </link>
    <link>
      <id>18-3</id>
      <name>18-3</name>
      <src>/virtualizer/nodes/node[id=18]/ports/port[id=2]</src>
      <dst>/virtualizer/nodes/node[id=3]/ports/port[id=11]</dst>
      <resources>
        <delay>7</delay>
        <bandwidth>35</bandwidth>
      </resources>
    </link>
    <link>
      <id>18-5</id>
      <name>18-5</name>
      <src>/virtualizer/nodes/node[id=18]/ports/port[id=3]</src>
      <dst>/virtualizer/nodes/node[id=5]/ports/port[id=12]</dst>
      <resources>
        <delay>8</delay>
        <bandwidth>34</bandwidth>
      </resources>
    </link>
    <link>
      <id>18-7</id>
      <name>18-7</name>
      <src>/virtualizer/nodes/node[id=18]/ports/port[id=4]</src>
      <dst>/virtualizer/nodes/node[id=7]/ports/port[id=7]</dst>
      <resources>
        <delay>4</delay>
        <bandwidth>24</bandwidth>
      </resources>
    </link>
    <link>
      <id>18-9</id>
      <name>18-9</name>
      <src>/virtualizer/nodes/node[id=18]/ports/port[id=5]</src>
      <dst>/virtualizer/nodes/node[id=9]/ports/port[id=8]</dst>
      <resources>
        <delay>9</delay>
        <bandwidth>6</bandwidth>
      </resources>
    </link>
    <link>
      <id>19-0</id>
      <name>19-0</name>
      <src>/virtualizer/nodes/node[id=19]/ports/port[id=1]</src>
      <dst>/virtualizer/nodes/node[id=0]/ports/port[id=10]</dst>
      <resources>
        <delay>1</delay>
        <bandwidth>63</bandwidth>
      </resources>
    </link>
    <link>
      <id>19-1</id>
      <name>19-1</name>
      <src>/virtualizer/nodes/node[id=19]/ports/port[id=2]</src>
      <dst>/virtualizer/nodes/node[id=1]/ports/port[id=6]</dst>
      <resources>
        <delay>8</delay>
        <bandwidth>9</bandwidth>
      </resources>
    </link>
    <link>
      <id>19-10</id>
      <name>19-10</name>
      <src>/virtualizer/nodes/node[id=19]/ports/port[id=6]</src>
      <dst>/virtualizer/nodes/node[id=10]/ports/port[id=9]</dst>
      <resources>
        <delay>5</delay>
        <bandwidth>66</bandwidth>
      </resources>
    </link>
    <link>
      <id>19-11</id>
      <name>19-11</name>
      <src>/virtualizer/nodes/node[id=19]/ports/port[id=7]</src>
      <dst>/virtualizer/nodes/node[id=11]/ports/port[id=8]</dst>
      <resources>
        <delay>4</delay>
        <bandwidth>50</bandwidth>
      </resources>
    </link>
    <link>
      <id>19-13</id>
      <name>19-13</name>
      <src>/virtualizer/nodes/node[id=19]/ports/port[id=8]</src>
      <dst>/virtualizer/nodes/node[id=13]/ports/port[id=10]</dst>
      <resources>
        <delay>2</delay>
        <bandwidth>46</bandwidth>
      </resources>
    </link>
    <link>
      <id>19-14</id>
      <name>19-14</name>
      <src>/virtualizer/nodes/node[id=19]/ports/port[id=9]</src>
      <dst>/virtualizer/nodes/node[id=14]/ports/port[id=10]</dst>
      <resources>
        <delay>3</delay>
        <bandwidth>14</bandwidth>
      </resources>
    </link>
    <link>
      <id>19-16</id>
      <name>19-16</name>
      <src>/virtualizer/nodes/node[id=19]/ports/port[id=10]</src>
      <dst>/virtualizer/nodes/node[id=16]/ports/port[id=12]</dst>
      <resources>
        <delay>9</delay>
        <bandwidth>19</bandwidth>
      </resources>
    </link>
    <link>
      <id>19-3</id>
      <name>19-3</name>
      <src>/virtualizer/nodes/node[id=19]/ports/port[id=3]</src>
      <dst>/virtualizer/nodes/node[id=3]/ports/port[id=12]</dst>
      <resources>
        <delay>5</delay>
        <bandwidth>9</bandwidth>
      </resources>
    </link>
    <link>
      <id>19-4</id>
      <name>19-4</name>
      <src>/virtualizer/nodes/node[id=19]/ports/port[id=4]</src>
      <dst>/virtualizer/nodes/node[id=4]/ports/port[id=8]</dst>
      <resources>
        <delay>3</delay>
        <bandwidth>90</bandwidth>
      </resources>
    </link>
    <link>
      <id>19-8</id>
      <name>19-8</name>
      <src>/virtualizer/nodes/node[id=19]/ports/port[id=5]</src>
      <dst>/virtualizer/nodes/node[id=8]/ports/port[id=8]</dst>
      <resources>
        <delay>7</delay>
        <bandwidth>3</bandwidth>
      </resources>
    </link>
    <link>
      <id>2-12</id>
      <name>2-12</name>
      <src>/virtualizer/nodes/node[id=2]/ports/port[id=3]</src>
      <dst>/virtualizer/nodes/node[id=12]/ports/port[id=1]</dst>
      <resources>
        <delay>2</delay>
        <bandwidth>35</bandwidth>
      </resources>
    </link>
    <link>
      <id>2-14</id>
      <name>2-14</name>
      <src>/virtualizer/nodes/node[id=2]/ports/port[id=4]</src>
      <dst>/virtualizer/nodes/node[id=14]/ports/port[id=2]</dst>
      <resources>
        <delay>2</delay>
        <bandwidth>91</bandwidth>
      </resources>
    </link>
    <link>
      <id>2-15</id>
      <name>2-15</name>
      <src>/virtualizer/nodes/node[id=2]/ports/port[id=5]</src>
      <dst>/virtualizer/nodes/node[id=15]/ports/port[id=2]</dst>
      <resources>
        <delay>4</delay>
        <bandwidth>86</bandwidth>
      </resources>
    </link>
    <link>
      <id>2-16</id>
      <name>2-16</name>
      <src>/virtualizer/nodes/node[id=2]/ports/port[id=6]</src>
      <dst>/virtualizer/nodes/node[id=16]/ports/port[id=2]</dst>
      <resources>
        <delay>5</delay>
        <bandwidth>11</bandwidth>
      </resources>
    </link>
    <link>
      <id>2-18</id>
      <name>2-18</name>
      <src>/virtualizer/nodes/node[id=2]/ports/port[id=7]</src>
      <dst>/virtualizer/nodes/node[id=18]/ports/port[id=1]</dst>
      <resources>
        <delay>1</delay>
        <bandwidth>4</bandwidth>
      </resources>
    </link>
    <link>
      <id>2-5</id>
      <name>2-5</name>
      <src>/virtualizer/nodes/node[id=2]/ports/port[id=1]</src>
      <dst>/virtualizer/nodes/node[id=5]/ports/port[id=3]</dst>
      <resources>
        <delay>5</delay>
        <bandwidth>97</bandwidth>
      </resources>
    </link>
    <link>
      <id>2-9</id>
      <name>2-9</name>
      <src>/virtualizer/nodes/node[id=2]/ports/port[id=2]</src>
      <dst>/virtualizer/nodes/node[id=9]/ports/port[id=2]</dst>
      <resources>
        <delay>5</delay>
        <bandwidth>24</bandwidth>
      </resources>
    </link>
    <link>
      <id>3-0</id>
      <name>3-0</name>
      <src>/virtualizer/nodes/node[id=3]/ports/port[id=1]</src>
      <dst>/virtualizer/nodes/node[id=0]/ports/port[id=2]</dst>
      <resources>
        <delay>1</delay>
        <bandwidth>58</bandwidth>
      </resources>
    </link>
    <link>
      <id>3-10</id>
      <name>3-10</name>
      <src>/virtualizer/nodes/node[id=3]/ports/port[id=6]</src>
      <dst>/virtualizer/nodes/node[id=10]/ports/port[id=1]</dst>
      <resources>
        <delay>3</delay>
        <bandwidth>73</bandwidth>
      </resources>
    </link>
    <link>
      <id>3-12</id>
      <name>3-12</name>
      <src>/virtualizer/nodes/node[id=3]/ports/port[id=7]</src>
      <dst>/virtualizer/nodes/node[id=12]/ports/port[id=2]</dst>
      <resources>
        <delay>5</delay>
        <bandwidth>54</bandwidth>
      </resources>
    </link>
    <link>
      <id>3-14</id>
      <name>3-14</name>
      <src>/virtualizer/nodes/node[id=3]/ports/port[id=8]</src>
      <dst>/virtualizer/nodes/node[id=14]/ports/port[id=3]</dst>
      <resources>
        <delay>9</delay>
        <bandwidth>2</bandwidth>
      </resources>
    </link>
    <link>
      <id>3-16</id>
      <name>3-16</name>
      <src>/virtualizer/nodes/node[id=3]/ports/port[id=9]</src>
      <dst>/virtualizer/nodes/node[id=16]/ports/port[id=3]</dst>
      <resources>
        <delay>9</delay>
        <bandwidth>45</bandwidth>
      </resources>
    </link>
    <link>
      <id>3-17</id>
      <name>3-17</name>
      <src>/virtualizer/nodes/node[id=3]/ports/port[id=10]</src>
      <dst>/virtualizer/nodes/node[id=17]/ports/port[id=2]</dst>
      <resources>
        <delay>9</delay>
        <bandwidth>76</bandwidth>
      </resources>
    </link>
    <link>
      <id>3-18</id>
      <name>3-18</name>
      <src>/virtualizer/nodes/node[id=3]/ports/port[id=11]</src>
      <dst>/virtualizer/nodes/node[id=18]/ports/port[id=2]</dst>
      <resources>
        <delay>7</delay>
        <bandwidth>35</bandwidth>
      </resources>
    </link>
    <link>
      <id>3-19</id>
      <name>3-19</name>
      <src>/virtualizer/nodes/node[id=3]/ports/port[id=12]</src>
      <dst>/virtualizer/nodes/node[id=19]/ports/port[id=3]</dst>
      <resources>
        <delay>5</delay>
        <bandwidth>9</bandwidth>
      </resources>
    </link>
    <link>
      <id>3-4</id>
      <name>3-4</name>
      <src>/virtualizer/nodes/node[id=3]/ports/port[id=2]</src>
      <dst>/virtualizer/nodes/node[id=4]/ports/port[id=3]</dst>
      <resources>
        <delay>2</delay>
        <bandwidth>5</bandwidth>
      </resources>
    </link>
    <link>
      <id>3-5</id>
      <name>3-5</name>
      <src>/virtualizer/nodes/node[id=3]/ports/port[id=3]</src>
      <dst>/virtualizer/nodes/node[id=5]/ports/port[id=4]</dst>
      <resources>
        <delay>8</delay>
        <bandwidth>53</bandwidth>
      </resources>
    </link>
    <link>
      <id>3-7</id>
      <name>3-7</name>
      <src>/virtualizer/nodes/node[id=3]/ports/port[id=4]</src>
      <dst>/virtualizer/nodes/node[id=7]/ports/port[id=1]</dst>
      <resources>
        <delay>4</delay>
        <bandwidth>49</bandwidth>
      </resources>
    </link>
    <link>
      <id>3-8</id>
      <name>3-8</name>
      <src>/virtualizer/nodes/node[id=3]/ports/port[id=5]</src>
      <dst>/virtualizer/nodes/node[id=8]/ports/port[id=1]</dst>
      <resources>
        <delay>2</delay>
        <bandwidth>7</bandwidth>
      </resources>
    </link>
    <link>
      <id>4-0</id>
      <name>4-0</name>
      <src>/virtualizer/nodes/node[id=4]/ports/port[id=1]</src>
      <dst>/virtualizer/nodes/node[id=0]/ports/port[id=3]</dst>
      <resources>
        <delay>8</delay>
        <bandwidth>34</bandwidth>
      </resources>
    </link>
    <link>
      <id>4-1</id>
      <name>4-1</name>
      <src>/virtualizer/nodes/node[id=4]/ports/port[id=2]</src>
      <dst>/virtualizer/nodes/node[id=1]/ports/port[id=2]</dst>
      <resources>
        <delay>1</delay>
        <bandwidth>69</bandwidth>
      </resources>
    </link>
    <link>
      <id>4-10</id>
      <name>4-10</name>
      <src>/virtualizer/nodes/node[id=4]/ports/port[id=5]</src>
      <dst>/virtualizer/nodes/node[id=10]/ports/port[id=2]</dst>
      <resources>
        <delay>4</delay>
        <bandwidth>46</bandwidth>
      </resources>
    </link>
    <link>
      <id>4-12</id>
      <name>4-12</name>
      <src>/virtualizer/nodes/node[id=4]/ports/port[id=6]</src>
      <dst>/virtualizer/nodes/node[id=12]/ports/port[id=3]</dst>
      <resources>
        <delay>8</delay>
        <bandwidth>50</bandwidth>
      </resources>
    </link>
    <link>
      <id>4-14</id>
      <name>4-14</name>
      <src>/virtualizer/nodes/node[id=4]/ports/port[id=7]</src>
      <dst>/virtualizer/nodes/node[id=14]/ports/port[id=4]</dst>
      <resources>
        <delay>1</delay>
        <bandwidth>94</bandwidth>
      </resources>
    </link>
    <link>
      <id>4-19</id>
      <name>4-19</name>
      <src>/virtualizer/nodes/node[id=4]/ports/port[id=8]</src>
      <dst>/virtualizer/nodes/node[id=19]/ports/port[id=4]</dst>
      <resources>
        <delay>3</delay>
        <bandwidth>90</bandwidth>
      </resources>
    </link>
    <link>
      <id>4-3</id>
      <name>4-3</name>
      <src>/virtualizer/nodes/node[id=4]/ports/port[id=3]</src>
      <dst>/virtualizer/nodes/node[id=3]/ports/port[id=2]</dst>
      <resources>
        <delay>2</delay>
        <bandwidth>5</bandwidth>
      </resources>
    </link>
    <link>
      <id>4-7</id>
      <name>4-7</name>
      <src>/virtualizer/nodes/node[id=4]/ports/port[id=4]</src>
      <dst>/virtualizer/nodes/node[id=7]/ports/port[id=2]</dst>
      <resources>
        <delay>9</delay>
        <bandwidth>84</bandwidth>
      </resources>
    </link>
    <link>
      <id>5-0</id>
      <name>5-0</name>
      <src>/virtualizer/nodes/node[id=5]/ports/port[id=1]</src>
      <dst>/virtualizer/nodes/node[id=0]/ports/port[id=4]</dst>
      <resources>
        <delay>1</delay>
        <bandwidth>53</bandwidth>
      </resources>
    </link>
    <link>
      <id>5-1</id>
      <name>5-1</name>
      <src>/virtualizer/nodes/node[id=5]/ports/port[id=2]</src>
      <dst>/virtualizer/nodes/node[id=1]/ports/port[id=3]</dst>
      <resources>
        <delay>1</delay>
        <bandwidth>71</bandwidth>
      </resources>
    </link>
    <link>
      <id>5-11</id>
      <name>5-11</name>
      <src>/virtualizer/nodes/node[id=5]/ports/port[id=7]</src>
      <dst>/virtualizer/nodes/node[id=11]/ports/port[id=1]</dst>
      <resources>
        <delay>7</delay>
        <bandwidth>75</bandwidth>
      </resources>
    </link>
    <link>
      <id>5-13</id>
      <name>5-13</name>
      <src>/virtualizer/nodes/node[id=5]/ports/port[id=8]</src>
      <dst>/virtualizer/nodes/node[id=13]/ports/port[id=2]</dst>
      <resources>
        <delay>4</delay>
        <bandwidth>67</bandwidth>
      </resources>
    </link>
    <link>
      <id>5-15</id>
      <name>5-15</name>
      <src>/virtualizer/nodes/node[id=5]/ports/port[id=9]</src>
      <dst>/virtualizer/nodes/node[id=15]/ports/port[id=3]</dst>
      <resources>
        <delay>2</delay>
        <bandwidth>1</bandwidth>
      </resources>
    </link>
    <link>
      <id>5-16</id>
      <name>5-16</name>
      <src>/virtualizer/nodes/node[id=5]/ports/port[id=10]</src>
      <dst>/virtualizer/nodes/node[id=16]/ports/port[id=4]</dst>
      <resources>
        <delay>7</delay>
        <bandwidth>45</bandwidth>
      </resources>
    </link>
    <link>
      <id>5-17</id>
      <name>5-17</name>
      <src>/virtualizer/nodes/node[id=5]/ports/port[id=11]</src>
      <dst>/virtualizer/nodes/node[id=17]/ports/port[id=3]</dst>
      <resources>
        <delay>7</delay>
        <bandwidth>44</bandwidth>
      </resources>
    </link>
    <link>
      <id>5-18</id>
      <name>5-18</name>
      <src>/virtualizer/nodes/node[id=5]/ports/port[id=12]</src>
      <dst>/virtualizer/nodes/node[id=18]/ports/port[id=3]</dst>
      <resources>
        <delay>8</delay>
        <bandwidth>34</bandwidth>
      </resources>
    </link>
    <link>
      <id>5-2</id>
      <name>5-2</name>
      <src>/virtualizer/nodes/node[id=5]/ports/port[id=3]</src>
      <dst>/virtualizer/nodes/node[id=2]/ports/port[id=1]</dst>
      <resources>
        <delay>5</delay>
        <bandwidth>97</bandwidth>
      </resources>
    </link>
    <link>
      <id>5-3</id>
      <name>5-3</name>
      <src>/virtualizer/nodes/node[id=5]/ports/port[id=4]</src>
      <dst>/virtualizer/nodes/node[id=3]/ports/port[id=3]</dst>
      <resources>
        <delay>8</delay>
        <bandwidth>53</bandwidth>
      </resources>
    </link>
    <link>
      <id>5-6</id>
      <name>5-6</name>
      <src>/virtualizer/nodes/node[id=5]/ports/port[id=5]</src>
      <dst>/virtualizer/nodes/node[id=6]/ports/port[id=2]</dst>
      <resources>
        <delay>9</delay>
        <bandwidth>32</bandwidth>
      </resources>
    </link>
    <link>
      <id>5-8</id>
      <name>5-8</name>
      <src>/virtualizer/nodes/node[id=5]/ports/port[id=6]</src>
      <dst>/virtualizer/nodes/node[id=8]/ports/port[id=2]</dst>
      <resources>
        <delay>4</delay>
        <bandwidth>65</bandwidth>
      </resources>
    </link>
    <link>
      <id>6-0</id>
      <name>6-0</name>
      <src>/virtualizer/nodes/node[id=6]/ports/port[id=1]</src>
      <dst>/virtualizer/nodes/node[id=0]/ports/port[id=5]</dst>
      <resources>
        <delay>9</delay>
        <bandwidth>87</bandwidth>
      </resources>
    </link>
    <link>
      <id>6-10</id>
      <name>6-10</name>
      <src>/virtualizer/nodes/node[id=6]/ports/port[id=4]</src>
      <dst>/virtualizer/nodes/node[id=10]/ports/port[id=3]</dst>
      <resources>
        <delay>7</delay>
        <bandwidth>23</bandwidth>
      </resources>
    </link>
    <link>
      <id>6-11</id>
      <name>6-11</name>
      <src>/virtualizer/nodes/node[id=6]/ports/port[id=5]</src>
      <dst>/virtualizer/nodes/node[id=11]/ports/port[id=2]</dst>
      <resources>
        <delay>2</delay>
        <bandwidth>88</bandwidth>
      </resources>
    </link>
    <link>
      <id>6-12</id>
      <name>6-12</name>
      <src>/virtualizer/nodes/node[id=6]/ports/port[id=6]</src>
      <dst>/virtualizer/nodes/node[id=12]/ports/port[id=4]</dst>
      <resources>
        <delay>8</delay>
        <bandwidth>68</bandwidth>
      </resources>
    </link>
    <link>
      <id>6-14</id>
      <name>6-14</name>
      <src>/virtualizer/nodes/node[id=6]/ports/port[id=7]</src>
      <dst>/virtualizer/nodes/node[id=14]/ports/port[id=5]</dst>
      <resources>
        <delay>3</delay>
        <bandwidth>23</bandwidth>
      </resources>
    </link>
    <link>
      <id>6-15</id>
      <name>6-15</name>
      <src>/virtualizer/nodes/node[id=6]/ports/port[id=8]</src>
      <dst>/virtualizer/nodes/node[id=15]/ports/port[id=4]</dst>
      <resources>
        <delay>8</delay>
        <bandwidth>61</bandwidth>
      </resources>
    </link>
    <link>
      <id>6-16</id>
      <name>6-16</name>
      <src>/virtualizer/nodes/node[id=6]/ports/port[id=9]</src>
      <dst>/virtualizer/nodes/node[id=16]/ports/port[id=5]</dst>
      <resources>
        <delay>6</delay>
        <bandwidth>25</bandwidth>
      </resources>
    </link>
    <link>
      <id>6-5</id>
      <name>6-5</name>
      <src>/virtualizer/nodes/node[id=6]/ports/port[id=2]</src>
      <dst>/virtualizer/nodes/node[id=5]/ports/port[id=5]</dst>
      <resources>
        <delay>9</delay>
        <bandwidth>32</bandwidth>
      </resources>
    </link>
    <link>
      <id>6-8</id>
      <name>6-8</name>
      <src>/virtualizer/nodes/node[id=6]/ports/port[id=3]</src>
      <dst>/virtualizer/nodes/node[id=8]/ports/port[id=3]</dst>
      <resources>
        <delay>3</delay>
        <bandwidth>57</bandwidth>
      </resources>
    </link>
    <link>
      <id>7-13</id>
      <name>7-13</name>
      <src>/virtualizer/nodes/node[id=7]/ports/port[id=4]</src>
      <dst>/virtualizer/nodes/node[id=13]/ports/port[id=3]</dst>
      <resources>
        <delay>7</delay>
        <bandwidth>64</bandwidth>
      </resources>
    </link>
    <link>
      <id>7-15</id>
      <name>7-15</name>
      <src>/virtualizer/nodes/node[id=7]/ports/port[id=5]</src>
      <dst>/virtualizer/nodes/node[id=15]/ports/port[id=5]</dst>
      <resources>
        <delay>2</delay>
        <bandwidth>40</bandwidth>
      </resources>
    </link>
    <link>
      <id>7-17</id>
      <name>7-17</name>
      <src>/virtualizer/nodes/node[id=7]/ports/port[id=6]</src>
      <dst>/virtualizer/nodes/node[id=17]/ports/port[id=4]</dst>
      <resources>
        <delay>3</delay>
        <bandwidth>71</bandwidth>
      </resources>
    </link>
    <link>
      <id>7-18</id>
      <name>7-18</name>
      <src>/virtualizer/nodes/node[id=7]/ports/port[id=7]</src>
      <dst>/virtualizer/nodes/node[id=18]/ports/port[id=4]</dst>
      <resources>
        <delay>4</delay>
        <bandwidth>24</bandwidth>
      </resources>
    </link>
    <link>
      <id>7-3</id>
      <name>7-3</name>
      <src>/virtualizer/nodes/node[id=7]/ports/port[id=1]</src>
      <dst>/virtualizer/nodes/node[id=3]/ports/port[id=4]</dst>
      <resources>
        <delay>4</delay>
        <bandwidth>49</bandwidth>
      </resources>
    </link>
    <link>
      <id>7-4</id>
      <name>7-4</name>
      <src>/virtualizer/nodes/node[id=7]/ports/port[id=2]</src>
      <dst>/virtualizer/nodes/node[id=4]/ports/port[id=4]</dst>
      <resources>
        <delay>9</delay>
        <bandwidth>84</bandwidth>
      </resources>
    </link>
    <link>
      <id>7-8</id>
      <name>7-8</name>
      <src>/virtualizer/nodes/node[id=7]/ports/port[id=3]</src>
      <dst>/virtualizer/nodes/node[id=8]/ports/port[id=4]</dst>
      <resources>
        <delay>2</delay>
        <bandwidth>74</bandwidth>
      </resources>
    </link>
    <link>
      <id>8-13</id>
      <name>8-13</name>
      <src>/virtualizer/nodes/node[id=8]/ports/port[id=6]</src>
      <dst>/virtualizer/nodes/node[id=13]/ports/port[id=4]</dst>
      <resources>
        <delay>3</delay>
        <bandwidth>66</bandwidth>
      </resources>
    </link>
    <link>
      <id>8-16</id>
      <name>8-16</name>
      <src>/virtualizer/nodes/node[id=8]/ports/port[id=7]</src>
      <dst>/virtualizer/nodes/node[id=16]/ports/port[id=6]</dst>
      <resources>
        <delay>5</delay>
        <bandwidth>50</bandwidth>
      </resources>
    </link>
    <link>
      <id>8-19</id>
      <name>8-19</name>
      <src>/virtualizer/nodes/node[id=8]/ports/port[id=8]</src>
      <dst>/virtualizer/nodes/node[id=19]/ports/port[id=5]</dst>
      <resources>
        <delay>7</delay>
        <bandwidth>3</bandwidth>
      </resources>
    </link>
    <link>
      <id>8-3</id>
      <name>8-3</name>
      <src>/virtualizer/nodes/node[id=8]/ports/port[id=1]</src>
      <dst>/virtualizer/nodes/node[id=3]/ports/port[id=5]</dst>
      <resources>
        <delay>2</delay>
        <bandwidth>7</bandwidth>
      </resources>
    </link>
    <link>
      <id>8-5</id>
      <name>8-5</name>
      <src>/virtualizer/nodes/node[id=8]/ports/port[id=2]</src>
      <dst>/virtualizer/nodes/node[id=5]/ports/port[id=6]</dst>
      <resources>
        <delay>4</delay>
        <bandwidth>65</bandwidth>
      </resources>
    </link>
    <link>
      <id>8-6</id>
      <name>8-6</name>
      <src>/virtualizer/nodes/node[id=8]/ports/port[id=3]</src>
      <dst>/virtualizer/nodes/node[id=6]/ports/port[id=3]</dst>
      <resources>
        <delay>3</delay>
        <bandwidth>57</bandwidth>
      </resources>
    </link>
    <link>
      <id>8-7</id>
      <name>8-7</name>
      <src>/virtualizer/nodes/node[id=8]/ports/port[id=4]</src>
      <dst>/virtualizer/nodes/node[id=7]/ports/port[id=3]</dst>
      <resources>
        <delay>2</delay>
        <bandwidth>74</bandwidth>
      </resources>
    </link>
    <link>
      <id>8-9</id>
      <name>8-9</name>
      <src>/virtualizer/nodes/node[id=8]/ports/port[id=5]</src>
      <dst>/virtualizer/nodes/node[id=9]/ports/port[id=3]</dst>
      <resources>
        <delay>7</delay>
        <bandwidth>63</bandwidth>
      </resources>
    </link>
    <link>
      <id>9-0</id>
      <name>9-0</name>
      <src>/virtualizer/nodes/node[id=9]/ports/port[id=1]</src>
      <dst>/virtualizer/nodes/node[id=0]/ports/port[id=6]</dst>
      <resources>
        <delay>1</delay>
        <bandwidth>75</bandwidth>
      </resources>
    </link>
    <link>
      <id>9-12</id>
      <name>9-12</name>
      <src>/virtualizer/nodes/node[id=9]/ports/port[id=4]</src>
      <dst>/virtualizer/nodes/node[id=12]/ports/port[id=5]</dst>
      <resources>
        <delay>8</delay>
        <bandwidth>14</bandwidth>
      </resources>
    </link>
    <link>
      <id>9-14</id>
      <name>9-14</name>
      <src>/virtualizer/nodes/node[id=9]/ports/port[id=5]</src>
      <dst>/virtualizer/nodes/node[id=14]/ports/port[id=6]</dst>
      <resources>
        <delay>8</delay>
        <bandwidth>31</bandwidth>
      </resources>
    </link>
    <link>
      <id>9-15</id>
      <name>9-15</name>
      <src>/virtualizer/nodes/node[id=9]/ports/port[id=6]</src>
      <dst>/virtualizer/nodes/node[id=15]/ports/port[id=6]</dst>
      <resources>
        <delay>5</delay>
        <bandwidth>55</bandwidth>
      </resources>
    </link>
    <link>
      <id>9-17</id>
      <name>9-17</name>
      <src>/virtualizer/nodes/node[id=9]/ports/port[id=7]</src>
      <dst>/virtualizer/nodes/node[id=17]/ports/port[id=5]</dst>
      <resources>
        <delay>1</delay>
        <bandwidth>98</bandwidth>
      </resources>
    </link>
    <link>
      <id>9-18</id>
      <name>9-18</name>
      <src>/virtualizer/nodes/node[id=9]/ports/port[id=8]</src>
      <dst>/virtualizer/nodes/node[id=18]/ports/port[id=5]</dst>
      <resources>
        <delay>9</delay>
        <bandwidth>6</bandwidth>
      </resources>
    </link>
    <link>
      <id>9-2</id>
      <name>9-2</name>
      <src>/virtualizer/nodes/node[id=9]/ports/port[id=2]</src>
      <dst>/virtualizer/nodes/node[id=2]/ports/port[id=2]</dst>
      <resources>
        <delay>5</delay>
        <bandwidth>24</bandwidth>
      </resources>
    </link>
    <link>
      <id>9-8</id>
      <name>9-8</name>
      <src>/virtualizer/nodes/node[id=9]/ports/port[id=3]</src>
      <dst>/virtualizer/nodes/node[id=8]/ports/port[id=5]</dst>
      <resources>
        <delay>7</delay>
        <bandwidth>63</bandwidth>
      </resources>
    </link>
  </links>
  <version>2016-07-08; compiled at 2016-12-09  12:50:20</version>
</virtualizer>