<virtualizer>
  <id>BisBis</id>
  <name>BisBis-View</name>
  <nodes>
    <node>
      <id>0</id>
      <name>0</name>
      <type>0</type>
      <ports>
        <port>
          <id>1</id>
          <name>1</name>
          <port_type>port-abstract</port_type>
        </port>
        <port>
          <id>SAP0</id>
          <name>SAP0</name>
          <port_type>port-sap</port_type>
        </port>
      </ports>
      <resources>
        <cpu>9</cpu>
        <mem>35</mem>
        <storage>155</storage>
      </resources>
      <capabilities>
        <supported_NFs>
          <node>
            <id>A</id>
            <type>A</type>
          </node>
        </supported_NFs>
      </capabilities>
    </node>
    <node>
      <id>14</id>
      <name>14</name>
      <type>14</type>
      <ports>
        <port>
          <id>1</id>
          <name>1</name>
          <port_type>port-abstract</port_type>
        </port>
        <port>
          <id>SAP14</id>
          <name>SAP14</name>
          <port_type>port-sap</port_type>
        </port>
      </ports>
      <resources>
        <cpu>15</cpu>
        <mem>57</mem>
        <storage>148</storage>
      </resources>
      <capabilities>
        <supported_NFs>
          <node>
            <id>A</id>
            <type>A</type>
          </node>
        </supported_NFs>
      </capabilities>
    </node>
    <node>
      <id>15</id>
      <name>15</name>
      <type>15</type>
      <ports>
        <port>
          <id>1</id>
          <name>1</name>
          <port_type>port-abstract</port_type>
        </port>
        <port>
          <id>SAP15</id>
          <name>SAP15</name>
          <port_type>port-sap</port_type>
        </port>
      </ports>
      <resources>
        <cpu>11</cpu>
        <mem>49</mem>
        <storage>273</storage>
      </resources>
      <capabilities>
        <supported_NFs>
          <node>
            <id>A</id>
            <type>A</type>
          </node>
        </supported_NFs>
      </capabilities>
    </node>
    <node>
      <id>2</id>
      <name>2</name>
      <type>2</type>
      <ports>
        <port>
          <id>1</id>
          <name>1</name>
          <port_type>port-abstract</port_type>
        </port>
        <port>
          <id>SAP2</id>
          <name>SAP2</name>
          <port_type>port-sap</port_type>
        </port>
      </ports>
      <resources>
        <cpu>2</cpu>
        <mem>27</mem>
        <storage>635</storage>
      </resources>
      <capabilities>
        <supported_NFs>
          <node>
            <id>A</id>
            <type>A</type>
          </node>
        </supported_NFs>
      </capabilities>
    </node>
    <node>
      <id>4</id>
      <name>4</name>
      <type>4</type>
      <ports>
        <port>
          <id>1</id>
          <name>1</name>
          <port_type>port-abstract</port_type>
        </port>
        <port>
          <id>SAP4</id>
          <name>SAP4</name>
          <port_type>port-sap</port_type>
        </port>
      </ports>
      <resources>
        <cpu>1</cpu>
        <mem>38</mem>
        <storage>555</storage>
      </resources>
      <capabilities>
        <supported_NFs>
          <node>
            <id>A</id>
            <type>A</type>
          </node>
        </supported_NFs>
      </capabilities>
    </node>
    <node>
      <id>5</id>
      <name>5</name>
      <type>5</type>
      <ports>
        <port>
          <id>1</id>
          <name>1</name>
          <port_type>port-abstract</port_type>
        </port>
        <port>
          <id>SAP5</id>
          <name>SAP5</name>
          <port_type>port-sap</port_type>
        </port>
      </ports>
      <resources>
        <cpu>14</cpu>
        <mem>33</mem>
        <storage>759</storage>
      </resources>
      <capabilities>
        <supported_NFs>
          <node>
            <id>A</id>
            <type>A</type>
          </node>
        </supported_NFs>
      </capabilities>
    </node>
  </nodes>
  <links>
    <link>
      <id>0-15</id>
      <name>0-15</name>
      <src>/virtualizer/nodes/node[id=0]/ports/port[id=1]</src>
      <dst>/virtualizer/nodes/node[id=15]/ports/port[id=1]</dst>
      <resources>
        <delay>4</delay>
        <bandwidth>94</bandwidth>
      </resources>
    </link>
    <link>
      <id>14-4</id>
      <name>14-4</name>
      <src>/virtualizer/nodes/node[id=14]/ports/port[id=1]</src>
      <dst>/virtualizer/nodes/node[id=4]/ports/port[id=1]</dst>
      <resources>
        <delay>1</delay>
        <bandwidth>94</bandwidth>
      </resources>
    </link>
    <link>
      <id>15-0</id>
      <name>15-0</name>
      <src>/virtualizer/nodes/node[id=15]/ports/port[id=1]</src>
      <dst>/virtualizer/nodes/node[id=0]/ports/port[id=1]</dst>
      <resources>
        <delay>4</delay>
        <bandwidth>94</bandwidth>
      </resources>
    </link>
    <link>
      <id>2-5</id>
      <name>2-5</name>
      <src>/virtualizer/nodes/node[id=2]/ports/port[id=1]</src>
      <dst>/virtualizer/nodes/node[id=5]/ports/port[id=1]</dst>
      <resources>
        <delay>5</delay>
        <bandwidth>97</bandwidth>
      </resources>
    </link>
    <link>
      <id>4-14</id>
      <name>4-14</name>
      <src>/virtualizer/nodes/node[id=4]/ports/port[id=1]</src>
      <dst>/virtualizer/nodes/node[id=14]/ports/port[id=1]</dst>
      <resources>
        <delay>1</delay>
        <bandwidth>94</bandwidth>
      </resources>
    </link>
    <link>
      <id>5-2</id>
      <name>5-2</name>
      <src>/virtualizer/nodes/node[id=5]/ports/port[id=1]</src>
      <dst>/virtualizer/nodes/node[id=2]/ports/port[id=1]</dst>
      <resources>
        <delay>5</delay>
        <bandwidth>97</bandwidth>
      </resources>
    </link>
  </links>
  <version>2016-07-08; compiled at 2016-12-09  12:50:20</version>
</virtualizer>