<virtualizer>
  <id>BisBis</id>
  <name>BisBis-View</name>
  <nodes>
    <node>
      <id>0</id>
      <name>0</name>
      <type>0</type>
      <ports>
        <port>
          <id>1</id>
          <name>1</name>
          <port_type>port-abstract</port_type>
        </port>
        <port>
          <id>SAP0</id>
          <name>SAP0</name>
          <port_type>port-sap</port_type>
        </port>
      </ports>
      <resources>
        <cpu>9</cpu>
        <mem>35</mem>
        <storage>155</storage>
      </resources>
      <capabilities>
        <supported_NFs>
          <node>
            <id>A</id>
            <type>A</type>
          </node>
        </supported_NFs>
      </capabilities>
    </node>
    <node>
      <id>15</id>
      <name>15</name>
      <type>15</type>
      <ports>
        <port>
          <id>1</id>
          <name>1</name>
          <port_type>port-abstract</port_type>
        </port>
        <port>
          <id>SAP15</id>
          <name>SAP15</name>
          <port_type>port-sap</port_type>
        </port>
      </ports>
      <resources>
        <cpu>11</cpu>
        <mem>49</mem>
        <storage>273</storage>
      </resources>
      <capabilities>
        <supported_NFs>
          <node>
            <id>A</id>
            <type>A</type>
          </node>
        </supported_NFs>
      </capabilities>
    </node>
  </nodes>
  <links>
    <link>
      <id>0-15</id>
      <name>0-15</name>
      <src>/virtualizer/nodes/node[id=0]/ports/port[id=1]</src>
      <dst>/virtualizer/nodes/node[id=15]/ports/port[id=1]</dst>
      <resources>
        <delay>4</delay>
        <bandwidth>94</bandwidth>
      </resources>
    </link>
    <link>
      <id>15-0</id>
      <name>15-0</name>
      <src>/virtualizer/nodes/node[id=15]/ports/port[id=1]</src>
      <dst>/virtualizer/nodes/node[id=0]/ports/port[id=1]</dst>
      <resources>
        <delay>4</delay>
        <bandwidth>94</bandwidth>
      </resources>
    </link>
  </links>
  <version>2016-07-08; compiled at 2016-12-09  12:50:20</version>
</virtualizer>