<virtualizer>
  <id>BisBis</id>
  <name>BisBis-View</name>
  <nodes>
    <node>
      <id>0</id>
      <name>0</name>
      <type>0</type>
      <ports>
        <port>
          <id>1</id>
          <name>1</name>
          <port_type>port-abstract</port_type>
        </port>
        <port>
          <id>SAP0</id>
          <name>SAP0</name>
          <port_type>port-sap</port_type>
        </port>
      </ports>
      <resources>
        <cpu>6</cpu>
        <mem>35</mem>
        <storage>54</storage>
      </resources>
      <capabilities>
        <supported_NFs>
          <node>
            <id>A</id>
            <type>A</type>
          </node>
        </supported_NFs>
      </capabilities>
    </node>
    <node>
      <id>12</id>
      <name>12</name>
      <type>12</type>
      <ports>
        <port>
          <id>1</id>
          <name>1</name>
          <port_type>port-abstract</port_type>
        </port>
        <port>
          <id>SAP12</id>
          <name>SAP12</name>
          <port_type>port-sap</port_type>
        </port>
      </ports>
      <resources>
        <cpu>10</cpu>
        <mem>20</mem>
        <storage>149</storage>
      </resources>
      <capabilities>
        <supported_NFs>
          <node>
            <id>A</id>
            <type>A</type>
          </node>
        </supported_NFs>
      </capabilities>
    </node>
    <node>
      <id>13</id>
      <name>13</name>
      <type>13</type>
      <ports>
        <port>
          <id>1</id>
          <name>1</name>
          <port_type>port-abstract</port_type>
        </port>
        <port>
          <id>SAP13</id>
          <name>SAP13</name>
          <port_type>port-sap</port_type>
        </port>
      </ports>
      <resources>
        <cpu>12</cpu>
        <mem>34</mem>
        <storage>32</storage>
      </resources>
      <capabilities>
        <supported_NFs>
          <node>
            <id>A</id>
            <type>A</type>
          </node>
        </supported_NFs>
      </capabilities>
    </node>
    <node>
      <id>15</id>
      <name>15</name>
      <type>15</type>
      <ports>
        <port>
          <id>1</id>
          <name>1</name>
          <port_type>port-abstract</port_type>
        </port>
        <port>
          <id>2</id>
          <name>2</name>
          <port_type>port-abstract</port_type>
        </port>
        <port>
          <id>SAP15</id>
          <name>SAP15</name>
          <port_type>port-sap</port_type>
        </port>
      </ports>
      <resources>
        <cpu>10</cpu>
        <mem>51</mem>
        <storage>420</storage>
      </resources>
      <capabilities>
        <supported_NFs>
          <node>
            <id>A</id>
            <type>A</type>
          </node>
        </supported_NFs>
      </capabilities>
    </node>
    <node>
      <id>20</id>
      <name>20</name>
      <type>20</type>
      <ports>
        <port>
          <id>1</id>
          <name>1</name>
          <port_type>port-abstract</port_type>
        </port>
        <port>
          <id>2</id>
          <name>2</name>
          <port_type>port-abstract</port_type>
        </port>
        <port>
          <id>SAP20</id>
          <name>SAP20</name>
          <port_type>port-sap</port_type>
        </port>
      </ports>
      <resources>
        <cpu>12</cpu>
        <mem>38</mem>
        <storage>624</storage>
      </resources>
      <capabilities>
        <supported_NFs>
          <node>
            <id>A</id>
            <type>A</type>
          </node>
        </supported_NFs>
      </capabilities>
    </node>
    <node>
      <id>23</id>
      <name>23</name>
      <type>23</type>
      <ports>
        <port>
          <id>1</id>
          <name>1</name>
          <port_type>port-abstract</port_type>
        </port>
        <port>
          <id>SAP23</id>
          <name>SAP23</name>
          <port_type>port-sap</port_type>
        </port>
      </ports>
      <resources>
        <cpu>11</cpu>
        <mem>28</mem>
        <storage>341</storage>
      </resources>
      <capabilities>
        <supported_NFs>
          <node>
            <id>A</id>
            <type>A</type>
          </node>
        </supported_NFs>
      </capabilities>
    </node>
    <node>
      <id>24</id>
      <name>24</name>
      <type>24</type>
      <ports>
        <port>
          <id>1</id>
          <name>1</name>
          <port_type>port-abstract</port_type>
        </port>
        <port>
          <id>2</id>
          <name>2</name>
          <port_type>port-abstract</port_type>
        </port>
        <port>
          <id>SAP24</id>
          <name>SAP24</name>
          <port_type>port-sap</port_type>
        </port>
      </ports>
      <resources>
        <cpu>12</cpu>
        <mem>16</mem>
        <storage>610</storage>
      </resources>
      <capabilities>
        <supported_NFs>
          <node>
            <id>A</id>
            <type>A</type>
          </node>
        </supported_NFs>
      </capabilities>
    </node>
    <node>
      <id>26</id>
      <name>26</name>
      <type>26</type>
      <ports>
        <port>
          <id>1</id>
          <name>1</name>
          <port_type>port-abstract</port_type>
        </port>
        <port>
          <id>2</id>
          <name>2</name>
          <port_type>port-abstract</port_type>
        </port>
        <port>
          <id>3</id>
          <name>3</name>
          <port_type>port-abstract</port_type>
        </port>
        <port>
          <id>SAP26</id>
          <name>SAP26</name>
          <port_type>port-sap</port_type>
        </port>
      </ports>
      <resources>
        <cpu>9</cpu>
        <mem>45</mem>
        <storage>20</storage>
      </resources>
      <capabilities>
        <supported_NFs>
          <node>
            <id>A</id>
            <type>A</type>
          </node>
        </supported_NFs>
      </capabilities>
    </node>
    <node>
      <id>31</id>
      <name>31</name>
      <type>31</type>
      <ports>
        <port>
          <id>1</id>
          <name>1</name>
          <port_type>port-abstract</port_type>
        </port>
        <port>
          <id>SAP31</id>
          <name>SAP31</name>
          <port_type>port-sap</port_type>
        </port>
      </ports>
      <resources>
        <cpu>12</cpu>
        <mem>40</mem>
        <storage>466</storage>
      </resources>
      <capabilities>
        <supported_NFs>
          <node>
            <id>A</id>
            <type>A</type>
          </node>
        </supported_NFs>
      </capabilities>
    </node>
    <node>
      <id>36</id>
      <name>36</name>
      <type>36</type>
      <ports>
        <port>
          <id>1</id>
          <name>1</name>
          <port_type>port-abstract</port_type>
        </port>
        <port>
          <id>SAP36</id>
          <name>SAP36</name>
          <port_type>port-sap</port_type>
        </port>
      </ports>
      <resources>
        <cpu>9</cpu>
        <mem>39</mem>
        <storage>176</storage>
      </resources>
      <capabilities>
        <supported_NFs>
          <node>
            <id>A</id>
            <type>A</type>
          </node>
        </supported_NFs>
      </capabilities>
    </node>
    <node>
      <id>37</id>
      <name>37</name>
      <type>37</type>
      <ports>
        <port>
          <id>1</id>
          <name>1</name>
          <port_type>port-abstract</port_type>
        </port>
        <port>
          <id>2</id>
          <name>2</name>
          <port_type>port-abstract</port_type>
        </port>
        <port>
          <id>SAP37</id>
          <name>SAP37</name>
          <port_type>port-sap</port_type>
        </port>
      </ports>
      <resources>
        <cpu>10</cpu>
        <mem>33</mem>
        <storage>284</storage>
      </resources>
      <capabilities>
        <supported_NFs>
          <node>
            <id>A</id>
            <type>A</type>
          </node>
        </supported_NFs>
      </capabilities>
    </node>
    <node>
      <id>38</id>
      <name>38</name>
      <type>38</type>
      <ports>
        <port>
          <id>1</id>
          <name>1</name>
          <port_type>port-abstract</port_type>
        </port>
        <port>
          <id>SAP38</id>
          <name>SAP38</name>
          <port_type>port-sap</port_type>
        </port>
      </ports>
      <resources>
        <cpu>13</cpu>
        <mem>61</mem>
        <storage>165</storage>
      </resources>
      <capabilities>
        <supported_NFs>
          <node>
            <id>A</id>
            <type>A</type>
          </node>
        </supported_NFs>
      </capabilities>
    </node>
    <node>
      <id>42</id>
      <name>42</name>
      <type>42</type>
      <ports>
        <port>
          <id>1</id>
          <name>1</name>
          <port_type>port-abstract</port_type>
        </port>
        <port>
          <id>SAP42</id>
          <name>SAP42</name>
          <port_type>port-sap</port_type>
        </port>
      </ports>
      <resources>
        <cpu>11</cpu>
        <mem>35</mem>
        <storage>524</storage>
      </resources>
      <capabilities>
        <supported_NFs>
          <node>
            <id>A</id>
            <type>A</type>
          </node>
        </supported_NFs>
      </capabilities>
    </node>
    <node>
      <id>44</id>
      <name>44</name>
      <type>44</type>
      <ports>
        <port>
          <id>1</id>
          <name>1</name>
          <port_type>port-abstract</port_type>
        </port>
        <port>
          <id>SAP44</id>
          <name>SAP44</name>
          <port_type>port-sap</port_type>
        </port>
      </ports>
      <resources>
        <cpu>5</cpu>
        <mem>62</mem>
        <storage>838</storage>
      </resources>
      <capabilities>
        <supported_NFs>
          <node>
            <id>A</id>
            <type>A</type>
          </node>
        </supported_NFs>
      </capabilities>
    </node>
    <node>
      <id>46</id>
      <name>46</name>
      <type>46</type>
      <ports>
        <port>
          <id>1</id>
          <name>1</name>
          <port_type>port-abstract</port_type>
        </port>
        <port>
          <id>2</id>
          <name>2</name>
          <port_type>port-abstract</port_type>
        </port>
        <port>
          <id>3</id>
          <name>3</name>
          <port_type>port-abstract</port_type>
        </port>
        <port>
          <id>SAP46</id>
          <name>SAP46</name>
          <port_type>port-sap</port_type>
        </port>
      </ports>
      <resources>
        <cpu>14</cpu>
        <mem>36</mem>
        <storage>797</storage>
      </resources>
      <capabilities>
        <supported_NFs>
          <node>
            <id>A</id>
            <type>A</type>
          </node>
        </supported_NFs>
      </capabilities>
    </node>
    <node>
      <id>47</id>
      <name>47</name>
      <type>47</type>
      <ports>
        <port>
          <id>1</id>
          <name>1</name>
          <port_type>port-abstract</port_type>
        </port>
        <port>
          <id>SAP47</id>
          <name>SAP47</name>
          <port_type>port-sap</port_type>
        </port>
      </ports>
      <resources>
        <cpu>9</cpu>
        <mem>31</mem>
        <storage>921</storage>
      </resources>
      <capabilities>
        <supported_NFs>
          <node>
            <id>A</id>
            <type>A</type>
          </node>
        </supported_NFs>
      </capabilities>
    </node>
    <node>
      <id>49</id>
      <name>49</name>
      <type>49</type>
      <ports>
        <port>
          <id>1</id>
          <name>1</name>
          <port_type>port-abstract</port_type>
        </port>
        <port>
          <id>2</id>
          <name>2</name>
          <port_type>port-abstract</port_type>
        </port>
        <port>
          <id>SAP49</id>
          <name>SAP49</name>
          <port_type>port-sap</port_type>
        </port>
      </ports>
      <resources>
        <cpu>7</cpu>
        <mem>62</mem>
        <storage>338</storage>
      </resources>
      <capabilities>
        <supported_NFs>
          <node>
            <id>A</id>
            <type>A</type>
          </node>
        </supported_NFs>
      </capabilities>
    </node>
    <node>
      <id>5</id>
      <name>5</name>
      <type>5</type>
      <ports>
        <port>
          <id>1</id>
          <name>1</name>
          <port_type>port-abstract</port_type>
        </port>
        <port>
          <id>2</id>
          <name>2</name>
          <port_type>port-abstract</port_type>
        </port>
        <port>
          <id>3</id>
          <name>3</name>
          <port_type>port-abstract</port_type>
        </port>
        <port>
          <id>SAP5</id>
          <name>SAP5</name>
          <port_type>port-sap</port_type>
        </port>
      </ports>
      <resources>
        <cpu>5</cpu>
        <mem>21</mem>
        <storage>741</storage>
      </resources>
      <capabilities>
        <supported_NFs>
          <node>
            <id>A</id>
            <type>A</type>
          </node>
        </supported_NFs>
      </capabilities>
    </node>
    <node>
      <id>51</id>
      <name>51</name>
      <type>51</type>
      <ports>
        <port>
          <id>1</id>
          <name>1</name>
          <port_type>port-abstract</port_type>
        </port>
        <port>
          <id>SAP51</id>
          <name>SAP51</name>
          <port_type>port-sap</port_type>
        </port>
      </ports>
      <resources>
        <cpu>14</cpu>
        <mem>48</mem>
        <storage>633</storage>
      </resources>
      <capabilities>
        <supported_NFs>
          <node>
            <id>A</id>
            <type>A</type>
          </node>
        </supported_NFs>
      </capabilities>
    </node>
    <node>
      <id>54</id>
      <name>54</name>
      <type>54</type>
      <ports>
        <port>
          <id>1</id>
          <name>1</name>
          <port_type>port-abstract</port_type>
        </port>
        <port>
          <id>SAP54</id>
          <name>SAP54</name>
          <port_type>port-sap</port_type>
        </port>
      </ports>
      <resources>
        <cpu>11</cpu>
        <mem>50</mem>
        <storage>752</storage>
      </resources>
      <capabilities>
        <supported_NFs>
          <node>
            <id>A</id>
            <type>A</type>
          </node>
        </supported_NFs>
      </capabilities>
    </node>
    <node>
      <id>56</id>
      <name>56</name>
      <type>56</type>
      <ports>
        <port>
          <id>1</id>
          <name>1</name>
          <port_type>port-abstract</port_type>
        </port>
        <port>
          <id>SAP56</id>
          <name>SAP56</name>
          <port_type>port-sap</port_type>
        </port>
      </ports>
      <resources>
        <cpu>10</cpu>
        <mem>58</mem>
        <storage>527</storage>
      </resources>
      <capabilities>
        <supported_NFs>
          <node>
            <id>A</id>
            <type>A</type>
          </node>
        </supported_NFs>
      </capabilities>
    </node>
    <node>
      <id>58</id>
      <name>58</name>
      <type>58</type>
      <ports>
        <port>
          <id>1</id>
          <name>1</name>
          <port_type>port-abstract</port_type>
        </port>
        <port>
          <id>SAP58</id>
          <name>SAP58</name>
          <port_type>port-sap</port_type>
        </port>
      </ports>
      <resources>
        <cpu>15</cpu>
        <mem>22</mem>
        <storage>217</storage>
      </resources>
      <capabilities>
        <supported_NFs>
          <node>
            <id>A</id>
            <type>A</type>
          </node>
        </supported_NFs>
      </capabilities>
    </node>
    <node>
      <id>61</id>
      <name>61</name>
      <type>61</type>
      <ports>
        <port>
          <id>1</id>
          <name>1</name>
          <port_type>port-abstract</port_type>
        </port>
        <port>
          <id>SAP61</id>
          <name>SAP61</name>
          <port_type>port-sap</port_type>
        </port>
      </ports>
      <resources>
        <cpu>13</cpu>
        <mem>49</mem>
        <storage>793</storage>
      </resources>
      <capabilities>
        <supported_NFs>
          <node>
            <id>A</id>
            <type>A</type>
          </node>
        </supported_NFs>
      </capabilities>
    </node>
    <node>
      <id>65</id>
      <name>65</name>
      <type>65</type>
      <ports>
        <port>
          <id>1</id>
          <name>1</name>
          <port_type>port-abstract</port_type>
        </port>
        <port>
          <id>SAP65</id>
          <name>SAP65</name>
          <port_type>port-sap</port_type>
        </port>
      </ports>
      <resources>
        <cpu>14</cpu>
        <mem>36</mem>
        <storage>150</storage>
      </resources>
      <capabilities>
        <supported_NFs>
          <node>
            <id>A</id>
            <type>A</type>
          </node>
        </supported_NFs>
      </capabilities>
    </node>
    <node>
      <id>68</id>
      <name>68</name>
      <type>68</type>
      <ports>
        <port>
          <id>1</id>
          <name>1</name>
          <port_type>port-abstract</port_type>
        </port>
        <port>
          <id>SAP68</id>
          <name>SAP68</name>
          <port_type>port-sap</port_type>
        </port>
      </ports>
      <resources>
        <cpu>6</cpu>
        <mem>9</mem>
        <storage>926</storage>
      </resources>
      <capabilities>
        <supported_NFs>
          <node>
            <id>A</id>
            <type>A</type>
          </node>
        </supported_NFs>
      </capabilities>
    </node>
    <node>
      <id>71</id>
      <name>71</name>
      <type>71</type>
      <ports>
        <port>
          <id>1</id>
          <name>1</name>
          <port_type>port-abstract</port_type>
        </port>
        <port>
          <id>2</id>
          <name>2</name>
          <port_type>port-abstract</port_type>
        </port>
        <port>
          <id>SAP71</id>
          <name>SAP71</name>
          <port_type>port-sap</port_type>
        </port>
      </ports>
      <resources>
        <cpu>13</cpu>
        <mem>42</mem>
        <storage>193</storage>
      </resources>
      <capabilities>
        <supported_NFs>
          <node>
            <id>A</id>
            <type>A</type>
          </node>
        </supported_NFs>
      </capabilities>
    </node>
    <node>
      <id>72</id>
      <name>72</name>
      <type>72</type>
      <ports>
        <port>
          <id>1</id>
          <name>1</name>
          <port_type>port-abstract</port_type>
        </port>
        <port>
          <id>SAP72</id>
          <name>SAP72</name>
          <port_type>port-sap</port_type>
        </port>
      </ports>
      <resources>
        <cpu>9</cpu>
        <mem>61</mem>
        <storage>111</storage>
      </resources>
      <capabilities>
        <supported_NFs>
          <node>
            <id>A</id>
            <type>A</type>
          </node>
        </supported_NFs>
      </capabilities>
    </node>
    <node>
      <id>73</id>
      <name>73</name>
      <type>73</type>
      <ports>
        <port>
          <id>1</id>
          <name>1</name>
          <port_type>port-abstract</port_type>
        </port>
        <port>
          <id>SAP73</id>
          <name>SAP73</name>
          <port_type>port-sap</port_type>
        </port>
      </ports>
      <resources>
        <cpu>10</cpu>
        <mem>20</mem>
        <storage>316</storage>
      </resources>
      <capabilities>
        <supported_NFs>
          <node>
            <id>A</id>
            <type>A</type>
          </node>
        </supported_NFs>
      </capabilities>
    </node>
    <node>
      <id>78</id>
      <name>78</name>
      <type>78</type>
      <ports>
        <port>
          <id>1</id>
          <name>1</name>
          <port_type>port-abstract</port_type>
        </port>
        <port>
          <id>SAP78</id>
          <name>SAP78</name>
          <port_type>port-sap</port_type>
        </port>
      </ports>
      <resources>
        <cpu>7</cpu>
        <mem>43</mem>
        <storage>546</storage>
      </resources>
      <capabilities>
        <supported_NFs>
          <node>
            <id>A</id>
            <type>A</type>
          </node>
        </supported_NFs>
      </capabilities>
    </node>
    <node>
      <id>80</id>
      <name>80</name>
      <type>80</type>
      <ports>
        <port>
          <id>1</id>
          <name>1</name>
          <port_type>port-abstract</port_type>
        </port>
        <port>
          <id>2</id>
          <name>2</name>
          <port_type>port-abstract</port_type>
        </port>
        <port>
          <id>SAP80</id>
          <name>SAP80</name>
          <port_type>port-sap</port_type>
        </port>
      </ports>
      <resources>
        <cpu>1</cpu>
        <mem>55</mem>
        <storage>446</storage>
      </resources>
      <capabilities>
        <supported_NFs>
          <node>
            <id>A</id>
            <type>A</type>
          </node>
        </supported_NFs>
      </capabilities>
    </node>
    <node>
      <id>81</id>
      <name>81</name>
      <type>81</type>
      <ports>
        <port>
          <id>1</id>
          <name>1</name>
          <port_type>port-abstract</port_type>
        </port>
        <port>
          <id>SAP81</id>
          <name>SAP81</name>
          <port_type>port-sap</port_type>
        </port>
      </ports>
      <resources>
        <cpu>15</cpu>
        <mem>13</mem>
        <storage>823</storage>
      </resources>
      <capabilities>
        <supported_NFs>
          <node>
            <id>A</id>
            <type>A</type>
          </node>
        </supported_NFs>
      </capabilities>
    </node>
    <node>
      <id>82</id>
      <name>82</name>
      <type>82</type>
      <ports>
        <port>
          <id>1</id>
          <name>1</name>
          <port_type>port-abstract</port_type>
        </port>
        <port>
          <id>SAP82</id>
          <name>SAP82</name>
          <port_type>port-sap</port_type>
        </port>
      </ports>
      <resources>
        <cpu>3</cpu>
        <mem>8</mem>
        <storage>280</storage>
      </resources>
      <capabilities>
        <supported_NFs>
          <node>
            <id>A</id>
            <type>A</type>
          </node>
        </supported_NFs>
      </capabilities>
    </node>
    <node>
      <id>90</id>
      <name>90</name>
      <type>90</type>
      <ports>
        <port>
          <id>1</id>
          <name>1</name>
          <port_type>port-abstract</port_type>
        </port>
        <port>
          <id>2</id>
          <name>2</name>
          <port_type>port-abstract</port_type>
        </port>
        <port>
          <id>SAP90</id>
          <name>SAP90</name>
          <port_type>port-sap</port_type>
        </port>
      </ports>
      <resources>
        <cpu>14</cpu>
        <mem>10</mem>
        <storage>954</storage>
      </resources>
      <capabilities>
        <supported_NFs>
          <node>
            <id>A</id>
            <type>A</type>
          </node>
        </supported_NFs>
      </capabilities>
    </node>
    <node>
      <id>92</id>
      <name>92</name>
      <type>92</type>
      <ports>
        <port>
          <id>1</id>
          <name>1</name>
          <port_type>port-abstract</port_type>
        </port>
        <port>
          <id>SAP92</id>
          <name>SAP92</name>
          <port_type>port-sap</port_type>
        </port>
      </ports>
      <resources>
        <cpu>12</cpu>
        <mem>57</mem>
        <storage>151</storage>
      </resources>
      <capabilities>
        <supported_NFs>
          <node>
            <id>A</id>
            <type>A</type>
          </node>
        </supported_NFs>
      </capabilities>
    </node>
  </nodes>
  <links>
    <link>
      <id>0-20</id>
      <name>0-20</name>
      <src>/virtualizer/nodes/node[id=0]/ports/port[id=1]</src>
      <dst>/virtualizer/nodes/node[id=20]/ports/port[id=1]</dst>
      <resources>
        <delay>5</delay>
        <bandwidth>98</bandwidth>
      </resources>
    </link>
    <link>
      <id>12-90</id>
      <name>12-90</name>
      <src>/virtualizer/nodes/node[id=12]/ports/port[id=1]</src>
      <dst>/virtualizer/nodes/node[id=90]/ports/port[id=1]</dst>
      <resources>
        <delay>4</delay>
        <bandwidth>99</bandwidth>
      </resources>
    </link>
    <link>
      <id>13-26</id>
      <name>13-26</name>
      <src>/virtualizer/nodes/node[id=13]/ports/port[id=1]</src>
      <dst>/virtualizer/nodes/node[id=26]/ports/port[id=1]</dst>
      <resources>
        <delay>4</delay>
        <bandwidth>99</bandwidth>
      </resources>
    </link>
    <link>
      <id>15-31</id>
      <name>15-31</name>
      <src>/virtualizer/nodes/node[id=15]/ports/port[id=1]</src>
      <dst>/virtualizer/nodes/node[id=31]/ports/port[id=1]</dst>
      <resources>
        <delay>1</delay>
        <bandwidth>98</bandwidth>
      </resources>
    </link>
    <link>
      <id>15-42</id>
      <name>15-42</name>
      <src>/virtualizer/nodes/node[id=15]/ports/port[id=2]</src>
      <dst>/virtualizer/nodes/node[id=42]/ports/port[id=1]</dst>
      <resources>
        <delay>8</delay>
        <bandwidth>99</bandwidth>
      </resources>
    </link>
    <link>
      <id>20-0</id>
      <name>20-0</name>
      <src>/virtualizer/nodes/node[id=20]/ports/port[id=1]</src>
      <dst>/virtualizer/nodes/node[id=0]/ports/port[id=1]</dst>
      <resources>
        <delay>5</delay>
        <bandwidth>98</bandwidth>
      </resources>
    </link>
    <link>
      <id>20-61</id>
      <name>20-61</name>
      <src>/virtualizer/nodes/node[id=20]/ports/port[id=2]</src>
      <dst>/virtualizer/nodes/node[id=61]/ports/port[id=1]</dst>
      <resources>
        <delay>2</delay>
        <bandwidth>98</bandwidth>
      </resources>
    </link>
    <link>
      <id>23-26</id>
      <name>23-26</name>
      <src>/virtualizer/nodes/node[id=23]/ports/port[id=1]</src>
      <dst>/virtualizer/nodes/node[id=26]/ports/port[id=2]</dst>
      <resources>
        <delay>3</delay>
        <bandwidth>98</bandwidth>
      </resources>
    </link>
    <link>
      <id>24-46</id>
      <name>24-46</name>
      <src>/virtualizer/nodes/node[id=24]/ports/port[id=1]</src>
      <dst>/virtualizer/nodes/node[id=46]/ports/port[id=1]</dst>
      <resources>
        <delay>4</delay>
        <bandwidth>98</bandwidth>
      </resources>
    </link>
    <link>
      <id>24-47</id>
      <name>24-47</name>
      <src>/virtualizer/nodes/node[id=24]/ports/port[id=2]</src>
      <dst>/virtualizer/nodes/node[id=47]/ports/port[id=1]</dst>
      <resources>
        <delay>1</delay>
        <bandwidth>99</bandwidth>
      </resources>
    </link>
    <link>
      <id>26-13</id>
      <name>26-13</name>
      <src>/virtualizer/nodes/node[id=26]/ports/port[id=1]</src>
      <dst>/virtualizer/nodes/node[id=13]/ports/port[id=1]</dst>
      <resources>
        <delay>4</delay>
        <bandwidth>99</bandwidth>
      </resources>
    </link>
    <link>
      <id>26-23</id>
      <name>26-23</name>
      <src>/virtualizer/nodes/node[id=26]/ports/port[id=2]</src>
      <dst>/virtualizer/nodes/node[id=23]/ports/port[id=1]</dst>
      <resources>
        <delay>3</delay>
        <bandwidth>98</bandwidth>
      </resources>
    </link>
    <link>
      <id>26-56</id>
      <name>26-56</name>
      <src>/virtualizer/nodes/node[id=26]/ports/port[id=3]</src>
      <dst>/virtualizer/nodes/node[id=56]/ports/port[id=1]</dst>
      <resources>
        <delay>5</delay>
        <bandwidth>98</bandwidth>
      </resources>
    </link>
    <link>
      <id>31-15</id>
      <name>31-15</name>
      <src>/virtualizer/nodes/node[id=31]/ports/port[id=1]</src>
      <dst>/virtualizer/nodes/node[id=15]/ports/port[id=1]</dst>
      <resources>
        <delay>1</delay>
        <bandwidth>98</bandwidth>
      </resources>
    </link>
    <link>
      <id>36-49</id>
      <name>36-49</name>
      <src>/virtualizer/nodes/node[id=36]/ports/port[id=1]</src>
      <dst>/virtualizer/nodes/node[id=49]/ports/port[id=1]</dst>
      <resources>
        <delay>5</delay>
        <bandwidth>99</bandwidth>
      </resources>
    </link>
    <link>
      <id>37-49</id>
      <name>37-49</name>
      <src>/virtualizer/nodes/node[id=37]/ports/port[id=2]</src>
      <dst>/virtualizer/nodes/node[id=49]/ports/port[id=2]</dst>
      <resources>
        <delay>8</delay>
        <bandwidth>99</bandwidth>
      </resources>
    </link>
    <link>
      <id>37-92</id>
      <name>37-92</name>
      <src>/virtualizer/nodes/node[id=37]/ports/port[id=1]</src>
      <dst>/virtualizer/nodes/node[id=92]/ports/port[id=1]</dst>
      <resources>
        <delay>7</delay>
        <bandwidth>98</bandwidth>
      </resources>
    </link>
    <link>
      <id>38-46</id>
      <name>38-46</name>
      <src>/virtualizer/nodes/node[id=38]/ports/port[id=1]</src>
      <dst>/virtualizer/nodes/node[id=46]/ports/port[id=2]</dst>
      <resources>
        <delay>5</delay>
        <bandwidth>99</bandwidth>
      </resources>
    </link>
    <link>
      <id>42-15</id>
      <name>42-15</name>
      <src>/virtualizer/nodes/node[id=42]/ports/port[id=1]</src>
      <dst>/virtualizer/nodes/node[id=15]/ports/port[id=2]</dst>
      <resources>
        <delay>8</delay>
        <bandwidth>99</bandwidth>
      </resources>
    </link>
    <link>
      <id>44-80</id>
      <name>44-80</name>
      <src>/virtualizer/nodes/node[id=44]/ports/port[id=1]</src>
      <dst>/virtualizer/nodes/node[id=80]/ports/port[id=1]</dst>
      <resources>
        <delay>3</delay>
        <bandwidth>99</bandwidth>
      </resources>
    </link>
    <link>
      <id>46-24</id>
      <name>46-24</name>
      <src>/virtualizer/nodes/node[id=46]/ports/port[id=1]</src>
      <dst>/virtualizer/nodes/node[id=24]/ports/port[id=1]</dst>
      <resources>
        <delay>4</delay>
        <bandwidth>98</bandwidth>
      </resources>
    </link>
    <link>
      <id>46-38</id>
      <name>46-38</name>
      <src>/virtualizer/nodes/node[id=46]/ports/port[id=2]</src>
      <dst>/virtualizer/nodes/node[id=38]/ports/port[id=1]</dst>
      <resources>
        <delay>5</delay>
        <bandwidth>99</bandwidth>
      </resources>
    </link>
    <link>
      <id>46-71</id>
      <name>46-71</name>
      <src>/virtualizer/nodes/node[id=46]/ports/port[id=3]</src>
      <dst>/virtualizer/nodes/node[id=71]/ports/port[id=1]</dst>
      <resources>
        <delay>4</delay>
        <bandwidth>99</bandwidth>
      </resources>
    </link>
    <link>
      <id>47-24</id>
      <name>47-24</name>
      <src>/virtualizer/nodes/node[id=47]/ports/port[id=1]</src>
      <dst>/virtualizer/nodes/node[id=24]/ports/port[id=2]</dst>
      <resources>
        <delay>1</delay>
        <bandwidth>99</bandwidth>
      </resources>
    </link>
    <link>
      <id>49-36</id>
      <name>49-36</name>
      <src>/virtualizer/nodes/node[id=49]/ports/port[id=1]</src>
      <dst>/virtualizer/nodes/node[id=36]/ports/port[id=1]</dst>
      <resources>
        <delay>5</delay>
        <bandwidth>99</bandwidth>
      </resources>
    </link>
    <link>
      <id>49-37</id>
      <name>49-37</name>
      <src>/virtualizer/nodes/node[id=49]/ports/port[id=2]</src>
      <dst>/virtualizer/nodes/node[id=37]/ports/port[id=2]</dst>
      <resources>
        <delay>8</delay>
        <bandwidth>99</bandwidth>
      </resources>
    </link>
    <link>
      <id>5-54</id>
      <name>5-54</name>
      <src>/virtualizer/nodes/node[id=5]/ports/port[id=3]</src>
      <dst>/virtualizer/nodes/node[id=54]/ports/port[id=1]</dst>
      <resources>
        <delay>1</delay>
        <bandwidth>99</bandwidth>
      </resources>
    </link>
    <link>
      <id>5-73</id>
      <name>5-73</name>
      <src>/virtualizer/nodes/node[id=5]/ports/port[id=2]</src>
      <dst>/virtualizer/nodes/node[id=73]/ports/port[id=1]</dst>
      <resources>
        <delay>7</delay>
        <bandwidth>98</bandwidth>
      </resources>
    </link>
    <link>
      <id>5-81</id>
      <name>5-81</name>
      <src>/virtualizer/nodes/node[id=5]/ports/port[id=1]</src>
      <dst>/virtualizer/nodes/node[id=81]/ports/port[id=1]</dst>
      <resources>
        <delay>2</delay>
        <bandwidth>98</bandwidth>
      </resources>
    </link>
    <link>
      <id>51-68</id>
      <name>51-68</name>
      <src>/virtualizer/nodes/node[id=51]/ports/port[id=1]</src>
      <dst>/virtualizer/nodes/node[id=68]/ports/port[id=1]</dst>
      <resources>
        <delay>3</delay>
        <bandwidth>98</bandwidth>
      </resources>
    </link>
    <link>
      <id>54-5</id>
      <name>54-5</name>
      <src>/virtualizer/nodes/node[id=54]/ports/port[id=1]</src>
      <dst>/virtualizer/nodes/node[id=5]/ports/port[id=3]</dst>
      <resources>
        <delay>1</delay>
        <bandwidth>99</bandwidth>
      </resources>
    </link>
    <link>
      <id>56-26</id>
      <name>56-26</name>
      <src>/virtualizer/nodes/node[id=56]/ports/port[id=1]</src>
      <dst>/virtualizer/nodes/node[id=26]/ports/port[id=3]</dst>
      <resources>
        <delay>5</delay>
        <bandwidth>98</bandwidth>
      </resources>
    </link>
    <link>
      <id>58-80</id>
      <name>58-80</name>
      <src>/virtualizer/nodes/node[id=58]/ports/port[id=1]</src>
      <dst>/virtualizer/nodes/node[id=80]/ports/port[id=2]</dst>
      <resources>
        <delay>5</delay>
        <bandwidth>98</bandwidth>
      </resources>
    </link>
    <link>
      <id>61-20</id>
      <name>61-20</name>
      <src>/virtualizer/nodes/node[id=61]/ports/port[id=1]</src>
      <dst>/virtualizer/nodes/node[id=20]/ports/port[id=2]</dst>
      <resources>
        <delay>2</delay>
        <bandwidth>98</bandwidth>
      </resources>
    </link>
    <link>
      <id>65-78</id>
      <name>65-78</name>
      <src>/virtualizer/nodes/node[id=65]/ports/port[id=1]</src>
      <dst>/virtualizer/nodes/node[id=78]/ports/port[id=1]</dst>
      <resources>
        <delay>7</delay>
        <bandwidth>98</bandwidth>
      </resources>
    </link>
    <link>
      <id>68-51</id>
      <name>68-51</name>
      <src>/virtualizer/nodes/node[id=68]/ports/port[id=1]</src>
      <dst>/virtualizer/nodes/node[id=51]/ports/port[id=1]</dst>
      <resources>
        <delay>3</delay>
        <bandwidth>98</bandwidth>
      </resources>
    </link>
    <link>
      <id>71-46</id>
      <name>71-46</name>
      <src>/virtualizer/nodes/node[id=71]/ports/port[id=1]</src>
      <dst>/virtualizer/nodes/node[id=46]/ports/port[id=3]</dst>
      <resources>
        <delay>4</delay>
        <bandwidth>99</bandwidth>
      </resources>
    </link>
    <link>
      <id>71-72</id>
      <name>71-72</name>
      <src>/virtualizer/nodes/node[id=71]/ports/port[id=2]</src>
      <dst>/virtualizer/nodes/node[id=72]/ports/port[id=1]</dst>
      <resources>
        <delay>4</delay>
        <bandwidth>98</bandwidth>
      </resources>
    </link>
    <link>
      <id>72-71</id>
      <name>72-71</name>
      <src>/virtualizer/nodes/node[id=72]/ports/port[id=1]</src>
      <dst>/virtualizer/nodes/node[id=71]/ports/port[id=2]</dst>
      <resources>
        <delay>4</delay>
        <bandwidth>98</bandwidth>
      </resources>
    </link>
    <link>
      <id>73-5</id>
      <name>73-5</name>
      <src>/virtualizer/nodes/node[id=73]/ports/port[id=1]</src>
      <dst>/virtualizer/nodes/node[id=5]/ports/port[id=2]</dst>
      <resources>
        <delay>7</delay>
        <bandwidth>98</bandwidth>
      </resources>
    </link>
    <link>
      <id>78-65</id>
      <name>78-65</name>
      <src>/virtualizer/nodes/node[id=78]/ports/port[id=1]</src>
      <dst>/virtualizer/nodes/node[id=65]/ports/port[id=1]</dst>
      <resources>
        <delay>7</delay>
        <bandwidth>98</bandwidth>
      </resources>
    </link>
    <link>
      <id>80-44</id>
      <name>80-44</name>
      <src>/virtualizer/nodes/node[id=80]/ports/port[id=1]</src>
      <dst>/virtualizer/nodes/node[id=44]/ports/port[id=1]</dst>
      <resources>
        <delay>3</delay>
        <bandwidth>99</bandwidth>
      </resources>
    </link>
    <link>
      <id>80-58</id>
      <name>80-58</name>
      <src>/virtualizer/nodes/node[id=80]/ports/port[id=2]</src>
      <dst>/virtualizer/nodes/node[id=58]/ports/port[id=1]</dst>
      <resources>
        <delay>5</delay>
        <bandwidth>98</bandwidth>
      </resources>
    </link>
    <link>
      <id>81-5</id>
      <name>81-5</name>
      <src>/virtualizer/nodes/node[id=81]/ports/port[id=1]</src>
      <dst>/virtualizer/nodes/node[id=5]/ports/port[id=1]</dst>
      <resources>
        <delay>2</delay>
        <bandwidth>98</bandwidth>
      </resources>
    </link>
    <link>
      <id>82-90</id>
      <name>82-90</name>
      <src>/virtualizer/nodes/node[id=82]/ports/port[id=1]</src>
      <dst>/virtualizer/nodes/node[id=90]/ports/port[id=2]</dst>
      <resources>
        <delay>4</delay>
        <bandwidth>99</bandwidth>
      </resources>
    </link>
    <link>
      <id>90-12</id>
      <name>90-12</name>
      <src>/virtualizer/nodes/node[id=90]/ports/port[id=1]</src>
      <dst>/virtualizer/nodes/node[id=12]/ports/port[id=1]</dst>
      <resources>
        <delay>4</delay>
        <bandwidth>99</bandwidth>
      </resources>
    </link>
    <link>
      <id>90-82</id>
      <name>90-82</name>
      <src>/virtualizer/nodes/node[id=90]/ports/port[id=2]</src>
      <dst>/virtualizer/nodes/node[id=82]/ports/port[id=1]</dst>
      <resources>
        <delay>4</delay>
        <bandwidth>99</bandwidth>
      </resources>
    </link>
    <link>
      <id>92-37</id>
      <name>92-37</name>
      <src>/virtualizer/nodes/node[id=92]/ports/port[id=1]</src>
      <dst>/virtualizer/nodes/node[id=37]/ports/port[id=1]</dst>
      <resources>
        <delay>7</delay>
        <bandwidth>98</bandwidth>
      </resources>
    </link>
  </links>
  <version>2016-07-08; compiled at 2016-12-09  12:50:20</version>
</virtualizer>