<virtualizer>
  <id>BisBis</id>
  <name>BisBis-View</name>
  <nodes>
    <node>
      <id>12</id>
      <name>12</name>
      <type>12</type>
      <ports>
        <port>
          <id>1</id>
          <name>1</name>
          <port_type>port-abstract</port_type>
        </port>
        <port>
          <id>SAP12</id>
          <name>SAP12</name>
          <port_type>port-sap</port_type>
        </port>
      </ports>
      <resources>
        <cpu>10</cpu>
        <mem>20</mem>
        <storage>149</storage>
      </resources>
      <capabilities>
        <supported_NFs>
          <node>
            <id>A</id>
            <type>A</type>
          </node>
        </supported_NFs>
      </capabilities>
    </node>
    <node>
      <id>13</id>
      <name>13</name>
      <type>13</type>
      <ports>
        <port>
          <id>1</id>
          <name>1</name>
          <port_type>port-abstract</port_type>
        </port>
        <port>
          <id>SAP13</id>
          <name>SAP13</name>
          <port_type>port-sap</port_type>
        </port>
      </ports>
      <resources>
        <cpu>12</cpu>
        <mem>34</mem>
        <storage>32</storage>
      </resources>
      <capabilities>
        <supported_NFs>
          <node>
            <id>A</id>
            <type>A</type>
          </node>
        </supported_NFs>
      </capabilities>
    </node>
    <node>
      <id>15</id>
      <name>15</name>
      <type>15</type>
      <ports>
        <port>
          <id>1</id>
          <name>1</name>
          <port_type>port-abstract</port_type>
        </port>
        <port>
          <id>SAP15</id>
          <name>SAP15</name>
          <port_type>port-sap</port_type>
        </port>
      </ports>
      <resources>
        <cpu>10</cpu>
        <mem>51</mem>
        <storage>420</storage>
      </resources>
      <capabilities>
        <supported_NFs>
          <node>
            <id>A</id>
            <type>A</type>
          </node>
        </supported_NFs>
      </capabilities>
    </node>
    <node>
      <id>17</id>
      <name>17</name>
      <type>17</type>
      <ports>
        <port>
          <id>1</id>
          <name>1</name>
          <port_type>port-abstract</port_type>
        </port>
        <port>
          <id>SAP17</id>
          <name>SAP17</name>
          <port_type>port-sap</port_type>
        </port>
      </ports>
      <resources>
        <cpu>5</cpu>
        <mem>31</mem>
        <storage>357</storage>
      </resources>
      <capabilities>
        <supported_NFs>
          <node>
            <id>A</id>
            <type>A</type>
          </node>
        </supported_NFs>
      </capabilities>
    </node>
    <node>
      <id>23</id>
      <name>23</name>
      <type>23</type>
      <ports>
        <port>
          <id>1</id>
          <name>1</name>
          <port_type>port-abstract</port_type>
        </port>
        <port>
          <id>SAP23</id>
          <name>SAP23</name>
          <port_type>port-sap</port_type>
        </port>
      </ports>
      <resources>
        <cpu>11</cpu>
        <mem>28</mem>
        <storage>341</storage>
      </resources>
      <capabilities>
        <supported_NFs>
          <node>
            <id>A</id>
            <type>A</type>
          </node>
        </supported_NFs>
      </capabilities>
    </node>
    <node>
      <id>24</id>
      <name>24</name>
      <type>24</type>
      <ports>
        <port>
          <id>1</id>
          <name>1</name>
          <port_type>port-abstract</port_type>
        </port>
        <port>
          <id>SAP24</id>
          <name>SAP24</name>
          <port_type>port-sap</port_type>
        </port>
      </ports>
      <resources>
        <cpu>12</cpu>
        <mem>16</mem>
        <storage>610</storage>
      </resources>
      <capabilities>
        <supported_NFs>
          <node>
            <id>A</id>
            <type>A</type>
          </node>
        </supported_NFs>
      </capabilities>
    </node>
    <node>
      <id>26</id>
      <name>26</name>
      <type>26</type>
      <ports>
        <port>
          <id>1</id>
          <name>1</name>
          <port_type>port-abstract</port_type>
        </port>
        <port>
          <id>SAP26</id>
          <name>SAP26</name>
          <port_type>port-sap</port_type>
        </port>
      </ports>
      <resources>
        <cpu>9</cpu>
        <mem>45</mem>
        <storage>20</storage>
      </resources>
      <capabilities>
        <supported_NFs>
          <node>
            <id>A</id>
            <type>A</type>
          </node>
        </supported_NFs>
      </capabilities>
    </node>
    <node>
      <id>27</id>
      <name>27</name>
      <type>27</type>
      <ports>
        <port>
          <id>1</id>
          <name>1</name>
          <port_type>port-abstract</port_type>
        </port>
        <port>
          <id>SAP27</id>
          <name>SAP27</name>
          <port_type>port-sap</port_type>
        </port>
      </ports>
      <resources>
        <cpu>9</cpu>
        <mem>19</mem>
        <storage>311</storage>
      </resources>
      <capabilities>
        <supported_NFs>
          <node>
            <id>A</id>
            <type>A</type>
          </node>
        </supported_NFs>
      </capabilities>
    </node>
    <node>
      <id>3</id>
      <name>3</name>
      <type>3</type>
      <ports>
        <port>
          <id>1</id>
          <name>1</name>
          <port_type>port-abstract</port_type>
        </port>
        <port>
          <id>2</id>
          <name>2</name>
          <port_type>port-abstract</port_type>
        </port>
        <port>
          <id>SAP3</id>
          <name>SAP3</name>
          <port_type>port-sap</port_type>
        </port>
      </ports>
      <resources>
        <cpu>3</cpu>
        <mem>48</mem>
        <storage>815</storage>
      </resources>
      <capabilities>
        <supported_NFs>
          <node>
            <id>A</id>
            <type>A</type>
          </node>
        </supported_NFs>
      </capabilities>
    </node>
    <node>
      <id>34</id>
      <name>34</name>
      <type>34</type>
      <ports>
        <port>
          <id>1</id>
          <name>1</name>
          <port_type>port-abstract</port_type>
        </port>
        <port>
          <id>2</id>
          <name>2</name>
          <port_type>port-abstract</port_type>
        </port>
        <port>
          <id>SAP34</id>
          <name>SAP34</name>
          <port_type>port-sap</port_type>
        </port>
      </ports>
      <resources>
        <cpu>3</cpu>
        <mem>29</mem>
        <storage>472</storage>
      </resources>
      <capabilities>
        <supported_NFs>
          <node>
            <id>A</id>
            <type>A</type>
          </node>
        </supported_NFs>
      </capabilities>
    </node>
    <node>
      <id>36</id>
      <name>36</name>
      <type>36</type>
      <ports>
        <port>
          <id>1</id>
          <name>1</name>
          <port_type>port-abstract</port_type>
        </port>
        <port>
          <id>SAP36</id>
          <name>SAP36</name>
          <port_type>port-sap</port_type>
        </port>
      </ports>
      <resources>
        <cpu>9</cpu>
        <mem>39</mem>
        <storage>176</storage>
      </resources>
      <capabilities>
        <supported_NFs>
          <node>
            <id>A</id>
            <type>A</type>
          </node>
        </supported_NFs>
      </capabilities>
    </node>
    <node>
      <id>37</id>
      <name>37</name>
      <type>37</type>
      <ports>
        <port>
          <id>1</id>
          <name>1</name>
          <port_type>port-abstract</port_type>
        </port>
        <port>
          <id>SAP37</id>
          <name>SAP37</name>
          <port_type>port-sap</port_type>
        </port>
      </ports>
      <resources>
        <cpu>10</cpu>
        <mem>33</mem>
        <storage>284</storage>
      </resources>
      <capabilities>
        <supported_NFs>
          <node>
            <id>A</id>
            <type>A</type>
          </node>
        </supported_NFs>
      </capabilities>
    </node>
    <node>
      <id>38</id>
      <name>38</name>
      <type>38</type>
      <ports>
        <port>
          <id>1</id>
          <name>1</name>
          <port_type>port-abstract</port_type>
        </port>
        <port>
          <id>SAP38</id>
          <name>SAP38</name>
          <port_type>port-sap</port_type>
        </port>
      </ports>
      <resources>
        <cpu>13</cpu>
        <mem>61</mem>
        <storage>165</storage>
      </resources>
      <capabilities>
        <supported_NFs>
          <node>
            <id>A</id>
            <type>A</type>
          </node>
        </supported_NFs>
      </capabilities>
    </node>
    <node>
      <id>42</id>
      <name>42</name>
      <type>42</type>
      <ports>
        <port>
          <id>1</id>
          <name>1</name>
          <port_type>port-abstract</port_type>
        </port>
        <port>
          <id>SAP42</id>
          <name>SAP42</name>
          <port_type>port-sap</port_type>
        </port>
      </ports>
      <resources>
        <cpu>11</cpu>
        <mem>35</mem>
        <storage>524</storage>
      </resources>
      <capabilities>
        <supported_NFs>
          <node>
            <id>A</id>
            <type>A</type>
          </node>
        </supported_NFs>
      </capabilities>
    </node>
    <node>
      <id>43</id>
      <name>43</name>
      <type>43</type>
      <ports>
        <port>
          <id>1</id>
          <name>1</name>
          <port_type>port-abstract</port_type>
        </port>
        <port>
          <id>SAP43</id>
          <name>SAP43</name>
          <port_type>port-sap</port_type>
        </port>
      </ports>
      <resources>
        <cpu>8</cpu>
        <mem>42</mem>
        <storage>260</storage>
      </resources>
      <capabilities>
        <supported_NFs>
          <node>
            <id>A</id>
            <type>A</type>
          </node>
        </supported_NFs>
      </capabilities>
    </node>
    <node>
      <id>44</id>
      <name>44</name>
      <type>44</type>
      <ports>
        <port>
          <id>1</id>
          <name>1</name>
          <port_type>port-abstract</port_type>
        </port>
        <port>
          <id>SAP44</id>
          <name>SAP44</name>
          <port_type>port-sap</port_type>
        </port>
      </ports>
      <resources>
        <cpu>5</cpu>
        <mem>62</mem>
        <storage>838</storage>
      </resources>
      <capabilities>
        <supported_NFs>
          <node>
            <id>A</id>
            <type>A</type>
          </node>
        </supported_NFs>
      </capabilities>
    </node>
    <node>
      <id>46</id>
      <name>46</name>
      <type>46</type>
      <ports>
        <port>
          <id>1</id>
          <name>1</name>
          <port_type>port-abstract</port_type>
        </port>
        <port>
          <id>2</id>
          <name>2</name>
          <port_type>port-abstract</port_type>
        </port>
        <port>
          <id>SAP46</id>
          <name>SAP46</name>
          <port_type>port-sap</port_type>
        </port>
      </ports>
      <resources>
        <cpu>14</cpu>
        <mem>36</mem>
        <storage>797</storage>
      </resources>
      <capabilities>
        <supported_NFs>
          <node>
            <id>A</id>
            <type>A</type>
          </node>
        </supported_NFs>
      </capabilities>
    </node>
    <node>
      <id>47</id>
      <name>47</name>
      <type>47</type>
      <ports>
        <port>
          <id>1</id>
          <name>1</name>
          <port_type>port-abstract</port_type>
        </port>
        <port>
          <id>SAP47</id>
          <name>SAP47</name>
          <port_type>port-sap</port_type>
        </port>
      </ports>
      <resources>
        <cpu>9</cpu>
        <mem>31</mem>
        <storage>921</storage>
      </resources>
      <capabilities>
        <supported_NFs>
          <node>
            <id>A</id>
            <type>A</type>
          </node>
        </supported_NFs>
      </capabilities>
    </node>
    <node>
      <id>49</id>
      <name>49</name>
      <type>49</type>
      <ports>
        <port>
          <id>1</id>
          <name>1</name>
          <port_type>port-abstract</port_type>
        </port>
        <port>
          <id>2</id>
          <name>2</name>
          <port_type>port-abstract</port_type>
        </port>
        <port>
          <id>SAP49</id>
          <name>SAP49</name>
          <port_type>port-sap</port_type>
        </port>
      </ports>
      <resources>
        <cpu>7</cpu>
        <mem>62</mem>
        <storage>338</storage>
      </resources>
      <capabilities>
        <supported_NFs>
          <node>
            <id>A</id>
            <type>A</type>
          </node>
        </supported_NFs>
      </capabilities>
    </node>
    <node>
      <id>5</id>
      <name>5</name>
      <type>5</type>
      <ports>
        <port>
          <id>1</id>
          <name>1</name>
          <port_type>port-abstract</port_type>
        </port>
        <port>
          <id>SAP5</id>
          <name>SAP5</name>
          <port_type>port-sap</port_type>
        </port>
      </ports>
      <resources>
        <cpu>5</cpu>
        <mem>21</mem>
        <storage>741</storage>
      </resources>
      <capabilities>
        <supported_NFs>
          <node>
            <id>A</id>
            <type>A</type>
          </node>
        </supported_NFs>
      </capabilities>
    </node>
    <node>
      <id>52</id>
      <name>52</name>
      <type>52</type>
      <ports>
        <port>
          <id>1</id>
          <name>1</name>
          <port_type>port-abstract</port_type>
        </port>
        <port>
          <id>SAP52</id>
          <name>SAP52</name>
          <port_type>port-sap</port_type>
        </port>
      </ports>
      <resources>
        <cpu>5</cpu>
        <mem>39</mem>
        <storage>308</storage>
      </resources>
      <capabilities>
        <supported_NFs>
          <node>
            <id>A</id>
            <type>A</type>
          </node>
        </supported_NFs>
      </capabilities>
    </node>
    <node>
      <id>53</id>
      <name>53</name>
      <type>53</type>
      <ports>
        <port>
          <id>1</id>
          <name>1</name>
          <port_type>port-abstract</port_type>
        </port>
        <port>
          <id>SAP53</id>
          <name>SAP53</name>
          <port_type>port-sap</port_type>
        </port>
      </ports>
      <resources>
        <cpu>10</cpu>
        <mem>30</mem>
        <storage>632</storage>
      </resources>
      <capabilities>
        <supported_NFs>
          <node>
            <id>A</id>
            <type>A</type>
          </node>
        </supported_NFs>
      </capabilities>
    </node>
    <node>
      <id>54</id>
      <name>54</name>
      <type>54</type>
      <ports>
        <port>
          <id>1</id>
          <name>1</name>
          <port_type>port-abstract</port_type>
        </port>
        <port>
          <id>SAP54</id>
          <name>SAP54</name>
          <port_type>port-sap</port_type>
        </port>
      </ports>
      <resources>
        <cpu>11</cpu>
        <mem>50</mem>
        <storage>752</storage>
      </resources>
      <capabilities>
        <supported_NFs>
          <node>
            <id>A</id>
            <type>A</type>
          </node>
        </supported_NFs>
      </capabilities>
    </node>
    <node>
      <id>71</id>
      <name>71</name>
      <type>71</type>
      <ports>
        <port>
          <id>1</id>
          <name>1</name>
          <port_type>port-abstract</port_type>
        </port>
        <port>
          <id>SAP71</id>
          <name>SAP71</name>
          <port_type>port-sap</port_type>
        </port>
      </ports>
      <resources>
        <cpu>13</cpu>
        <mem>42</mem>
        <storage>193</storage>
      </resources>
      <capabilities>
        <supported_NFs>
          <node>
            <id>A</id>
            <type>A</type>
          </node>
        </supported_NFs>
      </capabilities>
    </node>
    <node>
      <id>74</id>
      <name>74</name>
      <type>74</type>
      <ports>
        <port>
          <id>1</id>
          <name>1</name>
          <port_type>port-abstract</port_type>
        </port>
        <port>
          <id>SAP74</id>
          <name>SAP74</name>
          <port_type>port-sap</port_type>
        </port>
      </ports>
      <resources>
        <cpu>6</cpu>
        <mem>30</mem>
        <storage>219</storage>
      </resources>
      <capabilities>
        <supported_NFs>
          <node>
            <id>A</id>
            <type>A</type>
          </node>
        </supported_NFs>
      </capabilities>
    </node>
    <node>
      <id>82</id>
      <name>82</name>
      <type>82</type>
      <ports>
        <port>
          <id>1</id>
          <name>1</name>
          <port_type>port-abstract</port_type>
        </port>
        <port>
          <id>SAP82</id>
          <name>SAP82</name>
          <port_type>port-sap</port_type>
        </port>
      </ports>
      <resources>
        <cpu>3</cpu>
        <mem>8</mem>
        <storage>280</storage>
      </resources>
      <capabilities>
        <supported_NFs>
          <node>
            <id>A</id>
            <type>A</type>
          </node>
        </supported_NFs>
      </capabilities>
    </node>
    <node>
      <id>90</id>
      <name>90</name>
      <type>90</type>
      <ports>
        <port>
          <id>1</id>
          <name>1</name>
          <port_type>port-abstract</port_type>
        </port>
        <port>
          <id>2</id>
          <name>2</name>
          <port_type>port-abstract</port_type>
        </port>
        <port>
          <id>SAP90</id>
          <name>SAP90</name>
          <port_type>port-sap</port_type>
        </port>
      </ports>
      <resources>
        <cpu>14</cpu>
        <mem>10</mem>
        <storage>954</storage>
      </resources>
      <capabilities>
        <supported_NFs>
          <node>
            <id>A</id>
            <type>A</type>
          </node>
        </supported_NFs>
      </capabilities>
    </node>
    <node>
      <id>93</id>
      <name>93</name>
      <type>93</type>
      <ports>
        <port>
          <id>1</id>
          <name>1</name>
          <port_type>port-abstract</port_type>
        </port>
        <port>
          <id>2</id>
          <name>2</name>
          <port_type>port-abstract</port_type>
        </port>
        <port>
          <id>SAP93</id>
          <name>SAP93</name>
          <port_type>port-sap</port_type>
        </port>
      </ports>
      <resources>
        <cpu>6</cpu>
        <mem>61</mem>
        <storage>866</storage>
      </resources>
      <capabilities>
        <supported_NFs>
          <node>
            <id>A</id>
            <type>A</type>
          </node>
        </supported_NFs>
      </capabilities>
    </node>
  </nodes>
  <links>
    <link>
      <id>12-90</id>
      <name>12-90</name>
      <src>/virtualizer/nodes/node[id=12]/ports/port[id=1]</src>
      <dst>/virtualizer/nodes/node[id=90]/ports/port[id=1]</dst>
      <resources>
        <delay>4</delay>
        <bandwidth>99</bandwidth>
      </resources>
    </link>
    <link>
      <id>13-26</id>
      <name>13-26</name>
      <src>/virtualizer/nodes/node[id=13]/ports/port[id=1]</src>
      <dst>/virtualizer/nodes/node[id=26]/ports/port[id=1]</dst>
      <resources>
        <delay>4</delay>
        <bandwidth>99</bandwidth>
      </resources>
    </link>
    <link>
      <id>15-42</id>
      <name>15-42</name>
      <src>/virtualizer/nodes/node[id=15]/ports/port[id=1]</src>
      <dst>/virtualizer/nodes/node[id=42]/ports/port[id=1]</dst>
      <resources>
        <delay>8</delay>
        <bandwidth>99</bandwidth>
      </resources>
    </link>
    <link>
      <id>17-3</id>
      <name>17-3</name>
      <src>/virtualizer/nodes/node[id=17]/ports/port[id=1]</src>
      <dst>/virtualizer/nodes/node[id=3]/ports/port[id=2]</dst>
      <resources>
        <delay>8</delay>
        <bandwidth>99</bandwidth>
      </resources>
    </link>
    <link>
      <id>23-3</id>
      <name>23-3</name>
      <src>/virtualizer/nodes/node[id=23]/ports/port[id=1]</src>
      <dst>/virtualizer/nodes/node[id=3]/ports/port[id=1]</dst>
      <resources>
        <delay>8</delay>
        <bandwidth>99</bandwidth>
      </resources>
    </link>
    <link>
      <id>24-47</id>
      <name>24-47</name>
      <src>/virtualizer/nodes/node[id=24]/ports/port[id=1]</src>
      <dst>/virtualizer/nodes/node[id=47]/ports/port[id=1]</dst>
      <resources>
        <delay>1</delay>
        <bandwidth>99</bandwidth>
      </resources>
    </link>
    <link>
      <id>26-13</id>
      <name>26-13</name>
      <src>/virtualizer/nodes/node[id=26]/ports/port[id=1]</src>
      <dst>/virtualizer/nodes/node[id=13]/ports/port[id=1]</dst>
      <resources>
        <delay>4</delay>
        <bandwidth>99</bandwidth>
      </resources>
    </link>
    <link>
      <id>27-43</id>
      <name>27-43</name>
      <src>/virtualizer/nodes/node[id=27]/ports/port[id=1]</src>
      <dst>/virtualizer/nodes/node[id=43]/ports/port[id=1]</dst>
      <resources>
        <delay>5</delay>
        <bandwidth>99</bandwidth>
      </resources>
    </link>
    <link>
      <id>3-17</id>
      <name>3-17</name>
      <src>/virtualizer/nodes/node[id=3]/ports/port[id=2]</src>
      <dst>/virtualizer/nodes/node[id=17]/ports/port[id=1]</dst>
      <resources>
        <delay>8</delay>
        <bandwidth>99</bandwidth>
      </resources>
    </link>
    <link>
      <id>3-23</id>
      <name>3-23</name>
      <src>/virtualizer/nodes/node[id=3]/ports/port[id=1]</src>
      <dst>/virtualizer/nodes/node[id=23]/ports/port[id=1]</dst>
      <resources>
        <delay>8</delay>
        <bandwidth>99</bandwidth>
      </resources>
    </link>
    <link>
      <id>34-74</id>
      <name>34-74</name>
      <src>/virtualizer/nodes/node[id=34]/ports/port[id=2]</src>
      <dst>/virtualizer/nodes/node[id=74]/ports/port[id=1]</dst>
      <resources>
        <delay>1</delay>
        <bandwidth>99</bandwidth>
      </resources>
    </link>
    <link>
      <id>34-93</id>
      <name>34-93</name>
      <src>/virtualizer/nodes/node[id=34]/ports/port[id=1]</src>
      <dst>/virtualizer/nodes/node[id=93]/ports/port[id=2]</dst>
      <resources>
        <delay>7</delay>
        <bandwidth>99</bandwidth>
      </resources>
    </link>
    <link>
      <id>36-49</id>
      <name>36-49</name>
      <src>/virtualizer/nodes/node[id=36]/ports/port[id=1]</src>
      <dst>/virtualizer/nodes/node[id=49]/ports/port[id=1]</dst>
      <resources>
        <delay>5</delay>
        <bandwidth>99</bandwidth>
      </resources>
    </link>
    <link>
      <id>37-49</id>
      <name>37-49</name>
      <src>/virtualizer/nodes/node[id=37]/ports/port[id=1]</src>
      <dst>/virtualizer/nodes/node[id=49]/ports/port[id=2]</dst>
      <resources>
        <delay>8</delay>
        <bandwidth>99</bandwidth>
      </resources>
    </link>
    <link>
      <id>38-46</id>
      <name>38-46</name>
      <src>/virtualizer/nodes/node[id=38]/ports/port[id=1]</src>
      <dst>/virtualizer/nodes/node[id=46]/ports/port[id=1]</dst>
      <resources>
        <delay>5</delay>
        <bandwidth>99</bandwidth>
      </resources>
    </link>
    <link>
      <id>42-15</id>
      <name>42-15</name>
      <src>/virtualizer/nodes/node[id=42]/ports/port[id=1]</src>
      <dst>/virtualizer/nodes/node[id=15]/ports/port[id=1]</dst>
      <resources>
        <delay>8</delay>
        <bandwidth>99</bandwidth>
      </resources>
    </link>
    <link>
      <id>43-27</id>
      <name>43-27</name>
      <src>/virtualizer/nodes/node[id=43]/ports/port[id=1]</src>
      <dst>/virtualizer/nodes/node[id=27]/ports/port[id=1]</dst>
      <resources>
        <delay>5</delay>
        <bandwidth>99</bandwidth>
      </resources>
    </link>
    <link>
      <id>44-52</id>
      <name>44-52</name>
      <src>/virtualizer/nodes/node[id=44]/ports/port[id=1]</src>
      <dst>/virtualizer/nodes/node[id=52]/ports/port[id=1]</dst>
      <resources>
        <delay>4</delay>
        <bandwidth>99</bandwidth>
      </resources>
    </link>
    <link>
      <id>46-38</id>
      <name>46-38</name>
      <src>/virtualizer/nodes/node[id=46]/ports/port[id=1]</src>
      <dst>/virtualizer/nodes/node[id=38]/ports/port[id=1]</dst>
      <resources>
        <delay>5</delay>
        <bandwidth>99</bandwidth>
      </resources>
    </link>
    <link>
      <id>46-71</id>
      <name>46-71</name>
      <src>/virtualizer/nodes/node[id=46]/ports/port[id=2]</src>
      <dst>/virtualizer/nodes/node[id=71]/ports/port[id=1]</dst>
      <resources>
        <delay>4</delay>
        <bandwidth>99</bandwidth>
      </resources>
    </link>
    <link>
      <id>47-24</id>
      <name>47-24</name>
      <src>/virtualizer/nodes/node[id=47]/ports/port[id=1]</src>
      <dst>/virtualizer/nodes/node[id=24]/ports/port[id=1]</dst>
      <resources>
        <delay>1</delay>
        <bandwidth>99</bandwidth>
      </resources>
    </link>
    <link>
      <id>49-36</id>
      <name>49-36</name>
      <src>/virtualizer/nodes/node[id=49]/ports/port[id=1]</src>
      <dst>/virtualizer/nodes/node[id=36]/ports/port[id=1]</dst>
      <resources>
        <delay>5</delay>
        <bandwidth>99</bandwidth>
      </resources>
    </link>
    <link>
      <id>49-37</id>
      <name>49-37</name>
      <src>/virtualizer/nodes/node[id=49]/ports/port[id=2]</src>
      <dst>/virtualizer/nodes/node[id=37]/ports/port[id=1]</dst>
      <resources>
        <delay>8</delay>
        <bandwidth>99</bandwidth>
      </resources>
    </link>
    <link>
      <id>5-54</id>
      <name>5-54</name>
      <src>/virtualizer/nodes/node[id=5]/ports/port[id=1]</src>
      <dst>/virtualizer/nodes/node[id=54]/ports/port[id=1]</dst>
      <resources>
        <delay>1</delay>
        <bandwidth>99</bandwidth>
      </resources>
    </link>
    <link>
      <id>52-44</id>
      <name>52-44</name>
      <src>/virtualizer/nodes/node[id=52]/ports/port[id=1]</src>
      <dst>/virtualizer/nodes/node[id=44]/ports/port[id=1]</dst>
      <resources>
        <delay>4</delay>
        <bandwidth>99</bandwidth>
      </resources>
    </link>
    <link>
      <id>53-93</id>
      <name>53-93</name>
      <src>/virtualizer/nodes/node[id=53]/ports/port[id=1]</src>
      <dst>/virtualizer/nodes/node[id=93]/ports/port[id=1]</dst>
      <resources>
        <delay>7</delay>
        <bandwidth>99</bandwidth>
      </resources>
    </link>
    <link>
      <id>54-5</id>
      <name>54-5</name>
      <src>/virtualizer/nodes/node[id=54]/ports/port[id=1]</src>
      <dst>/virtualizer/nodes/node[id=5]/ports/port[id=1]</dst>
      <resources>
        <delay>1</delay>
        <bandwidth>99</bandwidth>
      </resources>
    </link>
    <link>
      <id>71-46</id>
      <name>71-46</name>
      <src>/virtualizer/nodes/node[id=71]/ports/port[id=1]</src>
      <dst>/virtualizer/nodes/node[id=46]/ports/port[id=2]</dst>
      <resources>
        <delay>4</delay>
        <bandwidth>99</bandwidth>
      </resources>
    </link>
    <link>
      <id>74-34</id>
      <name>74-34</name>
      <src>/virtualizer/nodes/node[id=74]/ports/port[id=1]</src>
      <dst>/virtualizer/nodes/node[id=34]/ports/port[id=2]</dst>
      <resources>
        <delay>1</delay>
        <bandwidth>99</bandwidth>
      </resources>
    </link>
    <link>
      <id>82-90</id>
      <name>82-90</name>
      <src>/virtualizer/nodes/node[id=82]/ports/port[id=1]</src>
      <dst>/virtualizer/nodes/node[id=90]/ports/port[id=2]</dst>
      <resources>
        <delay>4</delay>
        <bandwidth>99</bandwidth>
      </resources>
    </link>
    <link>
      <id>90-12</id>
      <name>90-12</name>
      <src>/virtualizer/nodes/node[id=90]/ports/port[id=1]</src>
      <dst>/virtualizer/nodes/node[id=12]/ports/port[id=1]</dst>
      <resources>
        <delay>4</delay>
        <bandwidth>99</bandwidth>
      </resources>
    </link>
    <link>
      <id>90-82</id>
      <name>90-82</name>
      <src>/virtualizer/nodes/node[id=90]/ports/port[id=2]</src>
      <dst>/virtualizer/nodes/node[id=82]/ports/port[id=1]</dst>
      <resources>
        <delay>4</delay>
        <bandwidth>99</bandwidth>
      </resources>
    </link>
    <link>
      <id>93-34</id>
      <name>93-34</name>
      <src>/virtualizer/nodes/node[id=93]/ports/port[id=2]</src>
      <dst>/virtualizer/nodes/node[id=34]/ports/port[id=1]</dst>
      <resources>
        <delay>7</delay>
        <bandwidth>99</bandwidth>
      </resources>
    </link>
    <link>
      <id>93-53</id>
      <name>93-53</name>
      <src>/virtualizer/nodes/node[id=93]/ports/port[id=1]</src>
      <dst>/virtualizer/nodes/node[id=53]/ports/port[id=1]</dst>
      <resources>
        <delay>7</delay>
        <bandwidth>99</bandwidth>
      </resources>
    </link>
  </links>
  <version>2016-07-08; compiled at 2016-12-09  12:50:20</version>
</virtualizer>