<virtualizer>
  <id>BisBis</id>
  <name>BisBis-View</name>
  <nodes>
    <node>
      <id>11</id>
      <name>11</name>
      <type>11</type>
      <ports>
        <port>
          <id>1</id>
          <name>1</name>
          <port_type>port-abstract</port_type>
        </port>
        <port>
          <id>SAP11</id>
          <name>SAP11</name>
          <port_type>port-sap</port_type>
        </port>
      </ports>
      <resources>
        <cpu>3</cpu>
        <mem>52</mem>
        <storage>834</storage>
      </resources>
      <capabilities>
        <supported_NFs>
          <node>
            <id>A</id>
            <type>A</type>
          </node>
        </supported_NFs>
      </capabilities>
    </node>
    <node>
      <id>16</id>
      <name>16</name>
      <type>16</type>
      <ports>
        <port>
          <id>1</id>
          <name>1</name>
          <port_type>port-abstract</port_type>
        </port>
        <port>
          <id>SAP16</id>
          <name>SAP16</name>
          <port_type>port-sap</port_type>
        </port>
      </ports>
      <resources>
        <cpu>2</cpu>
        <mem>23</mem>
        <storage>904</storage>
      </resources>
      <capabilities>
        <supported_NFs>
          <node>
            <id>A</id>
            <type>A</type>
          </node>
        </supported_NFs>
      </capabilities>
    </node>
    <node>
      <id>17</id>
      <name>17</name>
      <type>17</type>
      <ports>
        <port>
          <id>1</id>
          <name>1</name>
          <port_type>port-abstract</port_type>
        </port>
        <port>
          <id>SAP17</id>
          <name>SAP17</name>
          <port_type>port-sap</port_type>
        </port>
      </ports>
      <resources>
        <cpu>2</cpu>
        <mem>21</mem>
        <storage>893</storage>
      </resources>
      <capabilities>
        <supported_NFs>
          <node>
            <id>A</id>
            <type>A</type>
          </node>
        </supported_NFs>
      </capabilities>
    </node>
    <node>
      <id>2</id>
      <name>2</name>
      <type>2</type>
      <ports>
        <port>
          <id>1</id>
          <name>1</name>
          <port_type>port-abstract</port_type>
        </port>
        <port>
          <id>SAP2</id>
          <name>SAP2</name>
          <port_type>port-sap</port_type>
        </port>
      </ports>
      <resources>
        <cpu>2</cpu>
        <mem>27</mem>
        <storage>635</storage>
      </resources>
      <capabilities>
        <supported_NFs>
          <node>
            <id>A</id>
            <type>A</type>
          </node>
        </supported_NFs>
      </capabilities>
    </node>
    <node>
      <id>5</id>
      <name>5</name>
      <type>5</type>
      <ports>
        <port>
          <id>1</id>
          <name>1</name>
          <port_type>port-abstract</port_type>
        </port>
        <port>
          <id>SAP5</id>
          <name>SAP5</name>
          <port_type>port-sap</port_type>
        </port>
      </ports>
      <resources>
        <cpu>14</cpu>
        <mem>33</mem>
        <storage>759</storage>
      </resources>
      <capabilities>
        <supported_NFs>
          <node>
            <id>A</id>
            <type>A</type>
          </node>
        </supported_NFs>
      </capabilities>
    </node>
    <node>
      <id>9</id>
      <name>9</name>
      <type>9</type>
      <ports>
        <port>
          <id>1</id>
          <name>1</name>
          <port_type>port-abstract</port_type>
        </port>
        <port>
          <id>SAP9</id>
          <name>SAP9</name>
          <port_type>port-sap</port_type>
        </port>
      </ports>
      <resources>
        <cpu>8</cpu>
        <mem>28</mem>
        <storage>893</storage>
      </resources>
      <capabilities>
        <supported_NFs>
          <node>
            <id>A</id>
            <type>A</type>
          </node>
        </supported_NFs>
      </capabilities>
    </node>
  </nodes>
  <links>
    <link>
      <id>11-16</id>
      <name>11-16</name>
      <src>/virtualizer/nodes/node[id=11]/ports/port[id=1]</src>
      <dst>/virtualizer/nodes/node[id=16]/ports/port[id=1]</dst>
      <resources>
        <delay>3</delay>
        <bandwidth>98</bandwidth>
      </resources>
    </link>
    <link>
      <id>16-11</id>
      <name>16-11</name>
      <src>/virtualizer/nodes/node[id=16]/ports/port[id=1]</src>
      <dst>/virtualizer/nodes/node[id=11]/ports/port[id=1]</dst>
      <resources>
        <delay>3</delay>
        <bandwidth>98</bandwidth>
      </resources>
    </link>
    <link>
      <id>17-9</id>
      <name>17-9</name>
      <src>/virtualizer/nodes/node[id=17]/ports/port[id=1]</src>
      <dst>/virtualizer/nodes/node[id=9]/ports/port[id=1]</dst>
      <resources>
        <delay>1</delay>
        <bandwidth>98</bandwidth>
      </resources>
    </link>
    <link>
      <id>2-5</id>
      <name>2-5</name>
      <src>/virtualizer/nodes/node[id=2]/ports/port[id=1]</src>
      <dst>/virtualizer/nodes/node[id=5]/ports/port[id=1]</dst>
      <resources>
        <delay>5</delay>
        <bandwidth>97</bandwidth>
      </resources>
    </link>
    <link>
      <id>5-2</id>
      <name>5-2</name>
      <src>/virtualizer/nodes/node[id=5]/ports/port[id=1]</src>
      <dst>/virtualizer/nodes/node[id=2]/ports/port[id=1]</dst>
      <resources>
        <delay>5</delay>
        <bandwidth>97</bandwidth>
      </resources>
    </link>
    <link>
      <id>9-17</id>
      <name>9-17</name>
      <src>/virtualizer/nodes/node[id=9]/ports/port[id=1]</src>
      <dst>/virtualizer/nodes/node[id=17]/ports/port[id=1]</dst>
      <resources>
        <delay>1</delay>
        <bandwidth>98</bandwidth>
      </resources>
    </link>
  </links>
  <version>2016-07-08; compiled at 2016-12-09  12:50:20</version>
</virtualizer>